GEOID,state,county,tract,DPOV70,NPOV70,percent_poverty
48113000100,TX,Dallas County,Census Tract 1,3783.051378,225.0063733,0.059477483
48113000201,TX,Dallas County,Census Tract 2.01,3126.000029,300,0.095969289
48113000202,TX,Dallas County,Census Tract 2.02,3921.999975,239,0.060938297
48113000300,TX,Dallas County,Census Tract 3,3626.385515,282.3444805,0.077858374
48113000401,TX,Dallas County,Census Tract 4.01,2888.801953,608.116272,0.210508121
48113000404,TX,Dallas County,Census Tract 4.04,3836.126648,779.8607178,0.203293788
48113000405,TX,Dallas County,Census Tract 4.05,1796.274238,365.1713867,0.203293784
48113000406,TX,Dallas County,Census Tract 4.06,6362.528237,850.4242887,0.133661378
48113000500,TX,Dallas County,Census Tract 5,4600.797006,642.8515963,0.139726138
48113000601,TX,Dallas County,Census Tract 6.01,5692.735231,373.7503967,0.065653922
48113000603,TX,Dallas County,Census Tract 6.03,3058.061287,228.8618181,0.074838859
48113000605,TX,Dallas County,Census Tract 6.05,1384.162251,103.7290286,0.074939935
48113000606,TX,Dallas County,Census Tract 6.06,3491.567444,261.6410957,0.07493514
48113000701,TX,Dallas County,Census Tract 7.01,3363.000022,480,0.142729705
48113000702,TX,Dallas County,Census Tract 7.02,2742.000012,315,0.114879649
48113000800,TX,Dallas County,Census Tract 8,4786.999989,844,0.176310842
48113000900,TX,Dallas County,Census Tract 9,3123.000026,208,0.066602625
48113001001,TX,Dallas County,Census Tract 10.01,2138.141511,308.7585144,0.144405089
48113001002,TX,Dallas County,Census Tract 10.02,2658.473318,383.8970642,0.144405085
48113001101,TX,Dallas County,Census Tract 11.01,4163.999989,637,0.152977906
48113001102,TX,Dallas County,Census Tract 11.02,2265.000006,286,0.126269315
48113001202,TX,Dallas County,Census Tract 12.02,3917.846227,485.9485893,0.124034625
48113001203,TX,Dallas County,Census Tract 12.03,596.4547058,72.85224152,0.122142119
48113001204,TX,Dallas County,Census Tract 12.04,707.1580263,86.3737793,0.122142118
48113001301,TX,Dallas County,Census Tract 13.01,1930.27531,295.1237897,0.152892071
48113001302,TX,Dallas County,Census Tract 13.02,3658.951693,798.3167114,0.218181812
48113001400,TX,Dallas County,Census Tract 14,3825.724651,437.8761827,0.11445575
48113001502,TX,Dallas County,Census Tract 15.02,3920.000038,858,0.218877549
48113001503,TX,Dallas County,Census Tract 15.03,3463.12837,563.5297852,0.162722754
48113001504,TX,Dallas County,Census Tract 15.04,3382.871425,550.4701538,0.162722754
48113001600,TX,Dallas County,Census Tract 16,6007.000108,2594,0.431829524
48113001701,TX,Dallas County,Census Tract 17.01,413.6814063,117.0267826,0.282891087
48113001703,TX,Dallas County,Census Tract 17.03,1864.65761,632.015686,0.338944631
48113001704,TX,Dallas County,Census Tract 17.04,1066.414786,361.4555664,0.338944631
48113001800,TX,Dallas County,Census Tract 18,2495.493922,366.2937927,0.146782082
48113001900,TX,Dallas County,Census Tract 19,1679.87334,590.261137,0.351372406
48113002000,TX,Dallas County,Census Tract 20,6305.99995,913,0.144782748
48113002100,TX,Dallas County,Census Tract 21,312.721907,70.51769477,0.225496498
48113002200,TX,Dallas County,Census Tract 22,3964.99999,1200,0.302648172
48113002400,TX,Dallas County,Census Tract 24,4210.162578,1091.281496,0.259201747
48113002500,TX,Dallas County,Census Tract 25,8409.29013,2627.472749,0.312448817
48113002701,TX,Dallas County,Census Tract 27.01,7310.999965,3161,0.432362196
48113002702,TX,Dallas County,Census Tract 27.02,4904.362103,1333.333585,0.271866872
48113003101,TX,Dallas County,Census Tract 31.01,2449.684798,24.62707458,0.010053161
48113003400,TX,Dallas County,Census Tract 34,7593.89643,2325.013404,0.306168701
48113003700,TX,Dallas County,Census Tract 37,5971.554467,1486.761303,0.248973916
48113003800,TX,Dallas County,Census Tract 38,4418.606908,1303.866089,0.295085333
48113003901,TX,Dallas County,Census Tract 39.01,4582.999967,1184,0.258346063
48113003902,TX,Dallas County,Census Tract 39.02,4160.231647,1411.720359,0.33933696
48113004000,TX,Dallas County,Census Tract 40,3509.002533,956.0852662,0.272466394
48113004100,TX,Dallas County,Census Tract 41,3585.000056,1673,0.466666659
48113004201,TX,Dallas County,Census Tract 42.01,4637.999943,537,0.115782666
48113004202,TX,Dallas County,Census Tract 42.02,2644.221273,232.8602295,0.088063821
48113004300,TX,Dallas County,Census Tract 43,3784.999997,1051,0.277675033
48113004400,TX,Dallas County,Census Tract 44,3873.778963,341.139801,0.088063827
48113004500,TX,Dallas County,Census Tract 45,4904.987006,358.605011,0.073110288
48113004600,TX,Dallas County,Census Tract 46,2814.999982,451,0.160213145
48113004700,TX,Dallas County,Census Tract 47,3134.000011,568,0.181238034
48113004800,TX,Dallas County,Census Tract 48,3877.553535,664.0707073,0.171260229
48113004900,TX,Dallas County,Census Tract 49,7715.999963,2373,0.30754277
48113005000,TX,Dallas County,Census Tract 50,2875.446651,541.9293213,0.188467875
48113005100,TX,Dallas County,Census Tract 51,2335.722829,228.9420013,0.098017624
48113005200,TX,Dallas County,Census Tract 52,3819.999983,397,0.103926702
48113005300,TX,Dallas County,Census Tract 53,5388.000008,663,0.123051225
48113005400,TX,Dallas County,Census Tract 54,6578.350783,1034.258616,0.157221567
48113005500,TX,Dallas County,Census Tract 55,3778.002162,913.0004538,0.241662237
48113005600,TX,Dallas County,Census Tract 56,6454.010778,1257.671448,0.194866648
48113005700,TX,Dallas County,Census Tract 57,7427.000008,1880,0.25313047
48113005901,TX,Dallas County,Census Tract 59.01,8261.000067,1351,0.163539522
48113005902,TX,Dallas County,Census Tract 59.02,4326.000024,541,0.125057789
48113006001,TX,Dallas County,Census Tract 60.01,2855.352171,293.4650269,0.102777174
48113006002,TX,Dallas County,Census Tract 60.02,2680.000062,106,0.039552238
48113006100,TX,Dallas County,Census Tract 61,4662.999958,90,0.019300879
48113006200,TX,Dallas County,Census Tract 62,5444.286103,558.6049652,0.102603896
48113006301,TX,Dallas County,Census Tract 63.01,4570.000006,206,0.045076586
48113006302,TX,Dallas County,Census Tract 63.02,3556.277068,196.057991,0.055130123
48113006401,TX,Dallas County,Census Tract 64.01,1781.891124,104.8171234,0.058823529
48113006402,TX,Dallas County,Census Tract 64.02,4185.108921,246.1828766,0.058823529
48113006501,TX,Dallas County,Census Tract 65.01,2857.469978,169.9261333,0.059467338
48113006502,TX,Dallas County,Census Tract 65.02,3420.106846,203.2120209,0.059416863
48113006700,TX,Dallas County,Census Tract 67,5566.110418,445.7901159,0.08009006
48113006800,TX,Dallas County,Census Tract 68,4476.817992,253.0147427,0.056516647
48113006900,TX,Dallas County,Census Tract 69,1761.936786,166.9517059,0.094754651
48113007101,TX,Dallas County,Census Tract 71.01,2240.267127,73.90769958,0.032990575
48113007102,TX,Dallas County,Census Tract 71.02,7829.000076,1106,0.141269637
48113007201,TX,Dallas County,Census Tract 72.01,2888.283822,387.2693787,0.134082868
48113007202,TX,Dallas County,Census Tract 72.02,1914.716336,256.7306519,0.134082865
48113007301,TX,Dallas County,Census Tract 73.01,2474.431891,105.4847081,0.042629869
48113007302,TX,Dallas County,Census Tract 73.02,4049.806834,230.0343757,0.05680132
48113007601,TX,Dallas County,Census Tract 76.01,2251.00006,48,0.021323855
48113007604,TX,Dallas County,Census Tract 76.04,3693.000019,183,0.049553209
48113007605,TX,Dallas County,Census Tract 76.05,1597,52,0.032561052
48113007700,TX,Dallas County,Census Tract 77,5878.000052,221,0.037597822
48113007801,TX,Dallas County,Census Tract 78.01,560.4796146,27.01106644,0.048192772
48113007804,TX,Dallas County,Census Tract 78.04,2644.311622,61.59534836,0.023293529
48113007805,TX,Dallas County,Census Tract 78.05,2395.850947,55.80781937,0.023293527
48113007809,TX,Dallas County,Census Tract 78.09,880.752243,57.36700439,0.0651341
48113007810,TX,Dallas County,Census Tract 78.10,960.2274773,62.5435524,0.0651341
48113007811,TX,Dallas County,Census Tract 78.11,443.5267424,28.88871574,0.065134101
48113007812,TX,Dallas County,Census Tract 78.12,1173.487656,76.43405914,0.065134097
48113007815,TX,Dallas County,Census Tract 78.15,547.0680903,35.6327858,0.065134097
48113007818,TX,Dallas County,Census Tract 78.18,152.268837,9.91789341,0.065134098
48113007819,TX,Dallas County,Census Tract 78.19,297.392272,19.37037849,0.065134102
48113007820,TX,Dallas County,Census Tract 78.20,503.5200611,32.79632568,0.065134099
48113007821,TX,Dallas County,Census Tract 78.21,346.0867349,22.5420475,0.065134099
48113007822,TX,Dallas County,Census Tract 78.22,396.6899864,10.56319976,0.02662835
48113007823,TX,Dallas County,Census Tract 78.23,1615.667631,43.02256107,0.026628349
48113007824,TX,Dallas County,Census Tract 78.24,317.0451977,20.65045357,0.0651341
48113007825,TX,Dallas County,Census Tract 78.25,958.2582626,62.41529083,0.065134101
48113007826,TX,Dallas County,Census Tract 78.26,207.6470773,13.5249052,0.065134099
48113007827,TX,Dallas County,Census Tract 78.27,259.7193363,16.91658592,0.065134103
48113007902,TX,Dallas County,Census Tract 79.02,5901.999962,122,0.020670959
48113007903,TX,Dallas County,Census Tract 79.03,1668.263208,101.4368973,0.060803893
48113007906,TX,Dallas County,Census Tract 79.06,1668.208008,101.2991938,0.060723359
48113007909,TX,Dallas County,Census Tract 79.09,532.6421967,32.38671875,0.060803892
48113007910,TX,Dallas County,Census Tract 79.10,803.2079728,48.8381691,0.06080389
48113007911,TX,Dallas County,Census Tract 79.11,740.8604574,45.04719925,0.060803892
48113007912,TX,Dallas County,Census Tract 79.12,465.089688,28.27926254,0.060803891
48113007913,TX,Dallas County,Census Tract 79.13,1116.6107,67.89427948,0.060803895
48113007914,TX,Dallas County,Census Tract 79.14,820.5883794,49.9498468,0.06087077
48113008000,TX,Dallas County,Census Tract 80,5945.999938,269,0.045240498
48113008100,TX,Dallas County,Census Tract 81,6970.000004,453,0.064992826
48113008200,TX,Dallas County,Census Tract 82,5064.000011,411,0.081161137
48113008400,TX,Dallas County,Census Tract 84,7867.543484,950.2878265,0.120785837
48113008500,TX,Dallas County,Census Tract 85,3299.313787,250.0379014,0.07578482
48113008603,TX,Dallas County,Census Tract 86.03,5125.817102,839.7800903,0.163833409
48113008604,TX,Dallas County,Census Tract 86.04,528.6743,61.75089264,0.116803281
48113008701,TX,Dallas County,Census Tract 87.01,5026.000009,886,0.176283326
48113008703,TX,Dallas County,Census Tract 87.03,3686.221557,765.7514038,0.207733418
48113008704,TX,Dallas County,Census Tract 87.04,5805.45525,1205.987061,0.207733418
48113008705,TX,Dallas County,Census Tract 87.05,3982.32245,827.2614136,0.207733408
48113008801,TX,Dallas County,Census Tract 88.01,5881.854996,1233.060059,0.209637956
48113008802,TX,Dallas County,Census Tract 88.02,6382.14247,1337.939331,0.20963796
48113008900,TX,Dallas County,Census Tract 89,6178.898489,1450.057617,0.234678984
48113009000,TX,Dallas County,Census Tract 90,5477.578434,319.9753723,0.05841548
48113009101,TX,Dallas County,Census Tract 91.01,5409.999941,384,0.070979668
48113009103,TX,Dallas County,Census Tract 91.03,2812.145617,99.62921143,0.035428184
48113009104,TX,Dallas County,Census Tract 91.04,2790.419442,98.85949707,0.035428185
48113009105,TX,Dallas County,Census Tract 91.05,3260.434759,115.5112839,0.035428184
48113009201,TX,Dallas County,Census Tract 92.01,5441.724808,205.4289328,0.037750702
48113009202,TX,Dallas County,Census Tract 92.02,4747.007874,357.0012369,0.075205529
48113009301,TX,Dallas County,Census Tract 93.01,3676.999998,344,0.093554528
48113009303,TX,Dallas County,Census Tract 93.03,4901.077632,608.9237671,0.124242832
48113009304,TX,Dallas County,Census Tract 93.04,2527.922187,314.0762024,0.124242828
48113009401,TX,Dallas County,Census Tract 94.01,3389.308416,144.4005737,0.042604731
48113009402,TX,Dallas County,Census Tract 94.02,3625.434031,154.4606476,0.042604733
48113009500,TX,Dallas County,Census Tract 95,2576.999998,5,0.001940241
48113009603,TX,Dallas County,Census Tract 96.03,4750.380805,88.78284454,0.018689627
48113009604,TX,Dallas County,Census Tract 96.04,2122.619158,65.21715784,0.030724851
48113009605,TX,Dallas County,Census Tract 96.05,2416.166672,73.5259552,0.030430829
48113009607,TX,Dallas County,Census Tract 96.07,4566.263294,138.9551697,0.030430827
48113009608,TX,Dallas County,Census Tract 96.08,3987.795045,36.22766876,0.009084637
48113009609,TX,Dallas County,Census Tract 96.09,4708.205267,42.77233505,0.009084637
48113009610,TX,Dallas County,Census Tract 96.10,2455.345664,74.71820068,0.030430828
48113009611,TX,Dallas County,Census Tract 96.11,2655.224457,80.80067444,0.030430826
48113009701,TX,Dallas County,Census Tract 97.01,5031.626707,83.79302216,0.016653267
48113009702,TX,Dallas County,Census Tract 97.02,3675.373442,61.20697784,0.016653268
48113009802,TX,Dallas County,Census Tract 98.02,3552.59296,167.9906492,0.047286771
48113009803,TX,Dallas County,Census Tract 98.03,3335.867073,157.7531586,0.047290001
48113009804,TX,Dallas County,Census Tract 98.04,2375.991002,112.3606186,0.047290002
48113009900,TX,Dallas County,Census Tract 99,3300.210249,600.7450702,0.182032363
48113010000,TX,Dallas County,Census Tract 100,3673.90248,778.5533751,0.211914546
48113010101,TX,Dallas County,Census Tract 101.01,6932.766549,2699.814697,0.389428185
48113010102,TX,Dallas County,Census Tract 101.02,4399.234133,1713.185669,0.389428163
48113010500,TX,Dallas County,Census Tract 105,1479.165377,532.6361084,0.360092331
48113010601,TX,Dallas County,Census Tract 106.01,4403.597656,1245.771912,0.282898668
48113010602,TX,Dallas County,Census Tract 106.02,2712.182611,712.0737915,0.262546404
48113010701,TX,Dallas County,Census Tract 107.01,3502.867543,702.6685081,0.200598081
48113010703,TX,Dallas County,Census Tract 107.03,2214.323342,186.8816433,0.084396727
48113010704,TX,Dallas County,Census Tract 107.04,2178.04973,176.9381976,0.081236987
48113010801,TX,Dallas County,Census Tract 108.01,3128.344227,100.772167,0.032212621
48113010803,TX,Dallas County,Census Tract 108.03,6430.851906,205.6876373,0.031984508
48113010804,TX,Dallas County,Census Tract 108.04,3488.748854,111.5859146,0.031984508
48113010805,TX,Dallas County,Census Tract 108.05,1942.543179,62.13129044,0.031984509
48113010902,TX,Dallas County,Census Tract 109.02,318.7239994,29.44224548,0.092375364
48113010903,TX,Dallas County,Census Tract 109.03,541.9290917,50.06089783,0.092375365
48113010904,TX,Dallas County,Census Tract 109.04,503.3468975,46.49685287,0.092375364
48113011001,TX,Dallas County,Census Tract 110.01,5602.805665,125.3374863,0.022370486
48113011002,TX,Dallas County,Census Tract 110.02,4589.194304,102.6625137,0.022370487
48113011101,TX,Dallas County,Census Tract 111.01,1951.999979,50,0.025614754
48113011103,TX,Dallas County,Census Tract 111.03,4326.189787,161.2637939,0.037276172
48113011104,TX,Dallas County,Census Tract 111.04,4110.544279,153.2253571,0.037276172
48113011105,TX,Dallas County,Census Tract 111.05,3179.267996,118.5111354,0.037276233
48113011200,TX,Dallas County,Census Tract 112,3571.999999,176,0.049272116
48113011300,TX,Dallas County,Census Tract 113,4966.000004,534,0.107531212
48113011401,TX,Dallas County,Census Tract 114.01,4497.00004,507,0.112741827
48113011500,TX,Dallas County,Census Tract 115,7091.054196,3250.149712,0.458345067
48113011601,TX,Dallas County,Census Tract 116.01,3527.274573,329.568573,0.09343434
48113011602,TX,Dallas County,Census Tract 116.02,3330.092623,311.1450195,0.093434344
48113011701,TX,Dallas County,Census Tract 117.01,3648.349481,284.0230713,0.077849744
48113011702,TX,Dallas County,Census Tract 117.02,4047.943815,315.132098,0.077849919
48113011800,TX,Dallas County,Census Tract 118,3561.992138,560.9987793,0.157495794
48113011900,TX,Dallas County,Census Tract 119,3018.275199,347.5710754,0.115155528
48113012000,TX,Dallas County,Census Tract 120,2531.421625,134.0246277,0.052944411
48113012100,TX,Dallas County,Census Tract 121,222.0000047,12,0.054054053
48113012204,TX,Dallas County,Census Tract 122.04,4420.589334,106.4417114,0.024078625
48113012206,TX,Dallas County,Census Tract 122.06,1503.998829,53.18241882,0.035360678
48113012207,TX,Dallas County,Census Tract 122.07,2845.914689,101.6167417,0.03570618
48113012208,TX,Dallas County,Census Tract 122.08,1526.800354,37.31368089,0.024439136
48113012209,TX,Dallas County,Census Tract 122.09,2661.475705,64.08467102,0.024078623
48113012210,TX,Dallas County,Census Tract 122.10,1689.798362,40.6880188,0.024078624
48113012211,TX,Dallas County,Census Tract 122.11,1916.478641,46.14616776,0.024078624
48113012301,TX,Dallas County,Census Tract 123.01,3020.309735,117.349849,0.038853581
48113012302,TX,Dallas County,Census Tract 123.02,4042.744809,157.3231201,0.038914927
48113012400,TX,Dallas County,Census Tract 124,6848.000031,221,0.032272196
48113012500,TX,Dallas County,Census Tract 125,8944.000031,411,0.045952594
48113012601,TX,Dallas County,Census Tract 126.01,1947.710632,19.81577682,0.010173881
48113012603,TX,Dallas County,Census Tract 126.03,727.2819552,7.399280071,0.010173881
48113012604,TX,Dallas County,Census Tract 126.04,2343.37057,23.84117317,0.010173881
48113012701,TX,Dallas County,Census Tract 127.01,5943.954565,360.5407715,0.060656717
48113012702,TX,Dallas County,Census Tract 127.02,2431.045455,147.4592285,0.060656714
48113012800,TX,Dallas County,Census Tract 128,9235.039678,374.0012103,0.040498062
48113012900,TX,Dallas County,Census Tract 129,5245.960316,159.9987946,0.030499429
48113013004,TX,Dallas County,Census Tract 130.04,7562.478604,167.1326294,0.022100245
48113013005,TX,Dallas County,Census Tract 130.05,3292.342319,56.21677953,0.01707501
48113013007,TX,Dallas County,Census Tract 130.07,2523.577346,42.9831543,0.017032628
48113013008,TX,Dallas County,Census Tract 130.08,3237.230058,71.5435791,0.022100246
48113013009,TX,Dallas County,Census Tract 130.09,3018.757009,66.715271,0.022100245
48113013010,TX,Dallas County,Census Tract 130.10,1858.879862,31.66161156,0.017032629
48113013011,TX,Dallas County,Census Tract 130.11,2098.735228,35.74697876,0.017032629
48113013101,TX,Dallas County,Census Tract 131.01,3639.184827,58.18941498,0.015989684
48113013102,TX,Dallas County,Census Tract 131.02,1971.2388,31.51948547,0.015989684
48113013104,TX,Dallas County,Census Tract 131.04,594.5127159,9.506070137,0.015989683
48113013105,TX,Dallas County,Census Tract 131.05,1550.063417,24.78502464,0.015989684
48113013200,TX,Dallas County,Census Tract 132,2123.067085,61.32036117,0.028882913
48113013300,TX,Dallas County,Census Tract 133,2151.999997,57,0.026486989
48113013400,TX,Dallas County,Census Tract 134,2668.999993,52,0.019482952
48113013500,TX,Dallas County,Census Tract 135,2968.999976,110,0.037049512
48113013605,TX,Dallas County,Census Tract 136.05,1601.350553,25.34511757,0.015827339
48113013606,TX,Dallas County,Census Tract 136.06,1311.556522,20.75844765,0.015827337
48113013607,TX,Dallas County,Census Tract 136.07,1184.230991,18.7432251,0.015827339
48113013608,TX,Dallas County,Census Tract 136.08,5561.826365,126.6637802,0.022773775
48113013609,TX,Dallas County,Census Tract 136.09,2198.540326,50.06906128,0.022773774
48113013610,TX,Dallas County,Census Tract 136.10,3466.566357,78.94680023,0.022773774
48113013611,TX,Dallas County,Census Tract 136.11,415.8301636,31.78487015,0.076437144
48113013615,TX,Dallas County,Census Tract 136.15,130.4122137,9.968337059,0.076437143
48113013616,TX,Dallas County,Census Tract 136.16,386.4795344,29.54139137,0.076437143
48113013617,TX,Dallas County,Census Tract 136.17,1023.269757,16.19563675,0.015827338
48113013618,TX,Dallas County,Census Tract 136.18,795.4818752,12.59036064,0.015827338
48113013619,TX,Dallas County,Census Tract 136.19,1729.110445,27.36721611,0.015827338
48113013620,TX,Dallas County,Census Tract 136.20,151.4582142,11.57703304,0.076437142
48113013621,TX,Dallas County,Census Tract 136.21,123.8517307,9.466872215,0.076437141
48113013622,TX,Dallas County,Census Tract 136.22,62.16013506,4.75134325,0.076437145
48113013623,TX,Dallas County,Census Tract 136.23,142.0588374,10.85857201,0.076437145
48113013624,TX,Dallas County,Census Tract 136.24,58.20573262,4.44907999,0.076437144
48113013625,TX,Dallas County,Census Tract 136.25,51.87234117,3.964973688,0.076437145
48113013626,TX,Dallas County,Census Tract 136.26,60.67104549,4.637521267,0.076437141
48113013711,TX,Dallas County,Census Tract 137.11,1788.720985,64.46897125,0.036041938
48113013712,TX,Dallas County,Census Tract 137.12,2789.279463,100.531044,0.03604194
48113013713,TX,Dallas County,Census Tract 137.13,978.9748975,44.3648262,0.045317634
48113013714,TX,Dallas County,Census Tract 137.14,4810.391559,217.9955597,0.045317633
48113013715,TX,Dallas County,Census Tract 137.15,1514.633407,68.63960266,0.045317634
48113013716,TX,Dallas County,Census Tract 137.16,560.2896212,36.05169296,0.064344745
48113013717,TX,Dallas County,Census Tract 137.17,196.6050543,12.6505022,0.064344746
48113013718,TX,Dallas County,Census Tract 137.18,161.53559,10.39396667,0.064344747
48113013719,TX,Dallas County,Census Tract 137.19,647.9924897,41.72133977,0.06438553
48113013720,TX,Dallas County,Census Tract 137.20,338.1566481,21.75860405,0.064344747
48113013721,TX,Dallas County,Census Tract 137.21,481.3090002,30.96970558,0.064344746
48113013722,TX,Dallas County,Census Tract 137.22,481.8752781,31.00614166,0.064344745
48113013725,TX,Dallas County,Census Tract 137.25,257.9960233,16.60068893,0.064344747
48113013726,TX,Dallas County,Census Tract 137.26,62.22977295,4.004158974,0.064344747
48113013727,TX,Dallas County,Census Tract 137.27,66.63184104,4.287408829,0.064344745
48113013803,TX,Dallas County,Census Tract 138.03,6687.002886,183.7012177,0.027471383
48113013804,TX,Dallas County,Census Tract 138.04,2878.82183,79.08522034,0.027471384
48113013805,TX,Dallas County,Census Tract 138.05,347.4187691,53.72526556,0.154641229
48113013806,TX,Dallas County,Census Tract 138.06,80.7565524,12.48829259,0.15464123
48113013901,TX,Dallas County,Census Tract 139.01,2940.184403,45.74745136,0.015559382
48113013902,TX,Dallas County,Census Tract 139.02,5501.023445,85.39330292,0.015523167
48113014001,TX,Dallas County,Census Tract 140.01,4313.664348,115.1260342,0.026688686
48113014002,TX,Dallas County,Census Tract 140.02,2859.421822,182.276803,0.063746035
48113014103,TX,Dallas County,Census Tract 141.03,89.34000014,1.732825616,0.019395854
48113014113,TX,Dallas County,Census Tract 141.13,192.3693186,5.033275127,0.026164646
48113014114,TX,Dallas County,Census Tract 141.14,82.25976467,2.152297497,0.026164644
48113014115,TX,Dallas County,Census Tract 141.15,758.5103726,19.84615517,0.026164646
48113014116,TX,Dallas County,Census Tract 141.16,614.5442038,16.07933235,0.026164647
48113014119,TX,Dallas County,Census Tract 141.19,146.1526905,12.42496967,0.085013623
48113014120,TX,Dallas County,Census Tract 141.20,139.1014385,11.82551765,0.085013626
48113014121,TX,Dallas County,Census Tract 141.21,186.2120774,15.83056355,0.085013624
48113014123,TX,Dallas County,Census Tract 141.23,321.453263,27.32790756,0.085013626
48113014124,TX,Dallas County,Census Tract 141.24,149.4345569,28.38532186,0.189951524
48113014126,TX,Dallas County,Census Tract 141.26,531.2693849,47.50042892,0.08940931
48113014127,TX,Dallas County,Census Tract 141.27,58.69599123,11.83886208,0.201697967
48113014128,TX,Dallas County,Census Tract 141.28,42.61406988,8.595170856,0.201697958
48113014129,TX,Dallas County,Census Tract 141.29,20.41772904,4.118214376,0.201697964
48113014130,TX,Dallas County,Census Tract 141.30,16.98870144,3.487746716,0.205298017
48113014131,TX,Dallas County,Census Tract 141.31,23.68289166,4.862050533,0.20529801
48113014132,TX,Dallas County,Census Tract 141.32,16.4253694,3.372095823,0.20529802
48113014133,TX,Dallas County,Census Tract 141.33,6156.131248,161.3158107,0.026204089
48113014134,TX,Dallas County,Census Tract 141.34,77.69648865,6.605259895,0.085013622
48113014135,TX,Dallas County,Census Tract 141.35,115.2251734,9.79570961,0.085013624
48113014136,TX,Dallas County,Census Tract 141.36,86.37862782,17.73336029,0.205298009
48113014137,TX,Dallas County,Census Tract 141.37,24.04473856,4.934767127,0.205232721
48113014138,TX,Dallas County,Census Tract 141.38,0.188823355,0.038765058,0.205298005
48113014203,TX,Dallas County,Census Tract 142.03,476.7658692,25.74116898,0.053991216
48113014204,TX,Dallas County,Census Tract 142.04,1433.85107,77.41536713,0.053991219
48113014205,TX,Dallas County,Census Tract 142.05,664.5855653,37.10602081,0.055833323
48113014206,TX,Dallas County,Census Tract 142.06,655.6127453,36.60504007,0.055833326
48113014302,TX,Dallas County,Census Tract 143.02,4228.14504,156.9257965,0.037114573
48113014306,TX,Dallas County,Census Tract 143.06,3837.113675,142.4128265,0.037114571
48113014307,TX,Dallas County,Census Tract 143.07,2954.885942,109.6693268,0.037114572
48113014308,TX,Dallas County,Census Tract 143.08,1815.029334,67.36403656,0.037114572
48113014309,TX,Dallas County,Census Tract 143.09,1129.982502,41.93881607,0.037114571
48113014310,TX,Dallas County,Census Tract 143.10,2837.459346,105.2800522,0.037103634
48113014311,TX,Dallas County,Census Tract 143.11,2848.846887,105.7948533,0.037136026
48113014312,TX,Dallas County,Census Tract 143.12,3303.357009,122.6735537,0.037136027
48113014403,TX,Dallas County,Census Tract 144.03,4402.042234,366.6990356,0.083302026
48113014405,TX,Dallas County,Census Tract 144.05,1535.208826,127.8860092,0.083302028
48113014406,TX,Dallas County,Census Tract 144.06,1715.907672,142.9385834,0.083302025
48113014407,TX,Dallas County,Census Tract 144.07,1467.94267,122.2826004,0.083302027
48113014408,TX,Dallas County,Census Tract 144.08,1526.89812,127.1937103,0.083302028
48113014501,TX,Dallas County,Census Tract 145.01,3422.094302,158.2748566,0.046250875
48113014502,TX,Dallas County,Census Tract 145.02,3712.905504,171.7251282,0.046250875
48113014601,TX,Dallas County,Census Tract 146.01,1688.568288,120.9347687,0.071619709
48113014602,TX,Dallas County,Census Tract 146.02,2885.324105,206.5111414,0.071572944
48113014603,TX,Dallas County,Census Tract 146.03,1787.684911,128.0334625,0.071619703
48113014701,TX,Dallas County,Census Tract 147.01,2579.036551,144.1406555,0.055889342
48113014702,TX,Dallas County,Census Tract 147.02,3092.779616,172.8534088,0.055889339
48113014703,TX,Dallas County,Census Tract 147.03,1476.60636,82.52655029,0.055889337
48113014901,TX,Dallas County,Census Tract 149.01,644.6358256,34.28294373,0.053181878
48113014902,TX,Dallas County,Census Tract 149.02,2200.473894,187.0872476,0.085021344
48113015000,TX,Dallas County,Census Tract 150,8573.962806,623.3019257,0.072697064
48113015100,TX,Dallas County,Census Tract 151,3720.568746,195.032433,0.052420059
48113015202,TX,Dallas County,Census Tract 152.02,1761.139659,64.92228699,0.036863793
48113015204,TX,Dallas County,Census Tract 152.04,4408.589679,162.517334,0.036863792
48113015205,TX,Dallas County,Census Tract 152.05,1310.295206,52.09565926,0.039758719
48113015206,TX,Dallas County,Census Tract 152.06,1828.440915,71.82068729,0.039279742
48113015303,TX,Dallas County,Census Tract 153.03,508.8773792,123.8011398,0.243282851
48113015304,TX,Dallas County,Census Tract 153.04,1538.122656,374.1988831,0.243282863
48113015305,TX,Dallas County,Census Tract 153.05,1349.313974,72.25320435,0.053548104
48113015306,TX,Dallas County,Census Tract 153.06,3244.685881,173.7467804,0.053548105
48113015401,TX,Dallas County,Census Tract 154.01,4980.030988,233.5861206,0.046904552
48113015403,TX,Dallas County,Census Tract 154.03,770.2307917,36.12733078,0.046904553
48113015404,TX,Dallas County,Census Tract 154.04,1814.004053,85.08504486,0.046904551
48113015500,TX,Dallas County,Census Tract 155,3814.734268,304.2015057,0.079743826
48113015600,TX,Dallas County,Census Tract 156,4735.949401,337.6360569,0.071292159
48113015700,TX,Dallas County,Census Tract 157,3054.050527,264.3639526,0.086561748
48113015800,TX,Dallas County,Census Tract 158,2497.203639,219.8292844,0.088030179
48113015900,TX,Dallas County,Census Tract 159,2590.796474,158.1707206,0.061051002
48113016001,TX,Dallas County,Census Tract 160.01,2963.057479,186.4127808,0.062912307
48113016002,TX,Dallas County,Census Tract 160.02,3048.241185,186.8203678,0.061287922
48113016100,TX,Dallas County,Census Tract 161,2795.047493,580.5681903,0.207713175
48113016201,TX,Dallas County,Census Tract 162.01,3456.74789,126.1520176,0.036494422
48113016202,TX,Dallas County,Census Tract 162.02,3331.524336,111.5373466,0.033479373
48113016301,TX,Dallas County,Census Tract 163.01,1457.668613,65.47259545,0.044915967
48113016302,TX,Dallas County,Census Tract 163.02,261.6719834,11.73559189,0.044848484
48113016401,TX,Dallas County,Census Tract 164.01,776.1190011,65.15869713,0.083954519
48113016406,TX,Dallas County,Census Tract 164.06,103.8519795,4.802805901,0.046246648
48113016407,TX,Dallas County,Census Tract 164.07,148.5550092,6.870171547,0.04624665
48113016408,TX,Dallas County,Census Tract 164.08,406.7724532,18.81044775,0.04624317
48113016409,TX,Dallas County,Census Tract 164.09,486.9500641,22.51980782,0.046246647
48113016410,TX,Dallas County,Census Tract 164.10,321.650091,14.87609742,0.046249318
48113016411,TX,Dallas County,Census Tract 164.11,1588.777505,76.72493899,0.048291808
48113016412,TX,Dallas County,Census Tract 164.12,273.3824368,13.22037584,0.048358541
48113016413,TX,Dallas County,Census Tract 164.13,556.9600738,26.93377578,0.04835854
48113016502,TX,Dallas County,Census Tract 165.02,6619.032855,367.0045728,0.055446858
48113016509,TX,Dallas County,Census Tract 165.09,2893.209464,134.1196046,0.046356687
48113016510,TX,Dallas County,Census Tract 165.10,319.5070124,45.49941635,0.142405063
48113016511,TX,Dallas County,Census Tract 165.11,33.88399052,4.359782994,0.128667932
48113016513,TX,Dallas County,Census Tract 165.13,113.3020779,14.39871311,0.127082516
48113016514,TX,Dallas County,Census Tract 165.14,281.0541387,20.06577992,0.071394714
48113016516,TX,Dallas County,Census Tract 165.16,1896.24671,87.42766571,0.046105639
48113016517,TX,Dallas County,Census Tract 165.17,1945.042405,89.67742157,0.046105638
48113016518,TX,Dallas County,Census Tract 165.18,50.98366509,7.260332108,0.142405064
48113016519,TX,Dallas County,Census Tract 165.19,54.06440939,7.699045658,0.142405064
48113016520,TX,Dallas County,Census Tract 165.20,1139.893476,158.39767,0.138958309
48113016521,TX,Dallas County,Census Tract 165.21,726.8844119,101.0077109,0.138959798
48113016522,TX,Dallas County,Census Tract 165.22,875.929135,61.93391477,0.070706536
48113016523,TX,Dallas County,Census Tract 165.23,889.4199935,62.88780525,0.070706534
48113016605,TX,Dallas County,Census Tract 166.05,2048.563439,378.2292798,0.18463147
48113016606,TX,Dallas County,Census Tract 166.06,1193.415821,225.0115814,0.188544158
48113016607,TX,Dallas County,Census Tract 166.07,163.1314016,30.75747108,0.188544148
48113016610,TX,Dallas County,Census Tract 166.10,572.2673653,21.53404999,0.037629352
48113016611,TX,Dallas County,Census Tract 166.11,418.606764,20.93033791,0.049999999
48113016612,TX,Dallas County,Census Tract 166.12,1037.825048,51.89125061,0.049999998
48113016615,TX,Dallas County,Census Tract 166.15,45.3371111,6.288195133,0.138698629
48113016616,TX,Dallas County,Census Tract 166.16,215.3530312,29.86917114,0.138698633
48113016617,TX,Dallas County,Census Tract 166.17,1225.639245,46.12001038,0.037629352
48113016618,TX,Dallas County,Census Tract 166.18,871.4117497,32.79065704,0.037629349
48113016619,TX,Dallas County,Census Tract 166.19,479.4261584,18.04049492,0.03762935
48113016620,TX,Dallas County,Census Tract 166.20,1050.242772,39.52117828,0.037630517
48113016621,TX,Dallas County,Census Tract 166.21,890.9683536,44.54841614,0.049999998
48113016622,TX,Dallas County,Census Tract 166.22,467.2587244,23.36293602,0.05
48113016623,TX,Dallas County,Census Tract 166.23,645.2420166,32.26210022,0.049999999
48113016624,TX,Dallas County,Census Tract 166.24,69.10206878,9.58436203,0.138698627
48113016625,TX,Dallas County,Census Tract 166.25,104.2935009,14.46536541,0.138698627
48113016626,TX,Dallas County,Census Tract 166.26,149.9142834,20.79290581,0.138698631
48113016701,TX,Dallas County,Census Tract 167.01,3213.000006,695,0.216308745
48113016703,TX,Dallas County,Census Tract 167.03,6731.565835,609.3911471,0.090527399
48113016704,TX,Dallas County,Census Tract 167.04,488.5715049,51.88520432,0.10619777
48113016705,TX,Dallas County,Census Tract 167.05,751.0056547,79.15333676,0.105396459
48113016802,TX,Dallas County,Census Tract 168.02,4747.568293,392.8595276,0.082749632
48113016803,TX,Dallas County,Census Tract 168.03,592.0619176,48.99290848,0.082749637
48113016804,TX,Dallas County,Census Tract 168.04,749.1778441,61.99419022,0.082749631
48113016902,TX,Dallas County,Census Tract 169.02,1484.286025,139.1803094,0.093769197
48113016903,TX,Dallas County,Census Tract 169.03,3400.831108,573.118468,0.168523061
48113017001,TX,Dallas County,Census Tract 170.01,6391.043329,916.7158528,0.14343759
48113017003,TX,Dallas County,Census Tract 170.03,1704.225375,210.7002182,0.123634011
48113017004,TX,Dallas County,Census Tract 170.04,558.6822635,80.10035882,0.143373728
48113017101,TX,Dallas County,Census Tract 171.01,2549.416682,196.9137878,0.077238762
48113017102,TX,Dallas County,Census Tract 171.02,4173.124773,559.4125729,0.134051245
48113017201,TX,Dallas County,Census Tract 172.01,2174.072307,206.9408379,0.095185812
48113017202,TX,Dallas County,Census Tract 172.02,2290.304565,201.6850932,0.088060381
48113017301,TX,Dallas County,Census Tract 173.01,2308.324956,108.2820435,0.046909359
48113017303,TX,Dallas County,Census Tract 173.03,176.9268103,14.73880482,0.08330453
48113017304,TX,Dallas County,Census Tract 173.04,308.0196393,25.65943146,0.083304531
48113017305,TX,Dallas County,Census Tract 173.05,965.5284575,80.43289185,0.083304527
48113017306,TX,Dallas County,Census Tract 173.06,835.908719,69.63497925,0.083304526
48113017400,TX,Dallas County,Census Tract 174,3874.000017,228,0.058853898
48113017500,TX,Dallas County,Census Tract 175,3553.157801,309.6056747,0.087135357
48113017602,TX,Dallas County,Census Tract 176.02,2559.000005,64,0.025009769
48113017604,TX,Dallas County,Census Tract 176.04,1118.79257,82.66194916,0.073884964
48113017605,TX,Dallas County,Census Tract 176.05,1672.894487,123.6017532,0.073884967
48113017606,TX,Dallas County,Census Tract 176.06,2084.797085,154.0351715,0.073884971
48113017702,TX,Dallas County,Census Tract 177.02,5022.959265,236.29245,0.047042478
48113017703,TX,Dallas County,Census Tract 177.03,2045.882851,96.24340057,0.047042479
48113017704,TX,Dallas County,Census Tract 177.04,3006.812177,141.4478912,0.047042477
48113017804,TX,Dallas County,Census Tract 178.04,1384.829354,56.71998501,0.040958104
48113017805,TX,Dallas County,Census Tract 178.05,2817.084896,118.272061,0.041983847
48113017806,TX,Dallas County,Census Tract 178.06,2601.587512,93.41070557,0.035905271
48113017807,TX,Dallas County,Census Tract 178.07,2383.706916,85.58764648,0.035905273
48113017808,TX,Dallas County,Census Tract 178.08,901.5689427,37.93357086,0.042075064
48113017811,TX,Dallas County,Census Tract 178.11,763.3625551,32.11853027,0.042075067
48113017812,TX,Dallas County,Census Tract 178.12,601.2170514,25.29624748,0.042075067
48113017813,TX,Dallas County,Census Tract 178.13,876.8260649,36.89251328,0.042075065
48113017814,TX,Dallas County,Census Tract 178.14,1164.249502,48.98587418,0.042075066
48113017900,TX,Dallas County,Census Tract 179,5581.945352,170.3270264,0.030513919
48113018001,TX,Dallas County,Census Tract 180.01,5467.428691,154.4869833,0.028255875
48113018002,TX,Dallas County,Census Tract 180.02,3457.207909,102.4567871,0.029635703
48113018104,TX,Dallas County,Census Tract 181.04,923.9999989,313,0.338744589
48113018105,TX,Dallas County,Census Tract 181.05,520.9030389,34.28313446,0.06581481
48113018110,TX,Dallas County,Census Tract 181.10,605.2323943,17.45028877,0.028832377
48113018111,TX,Dallas County,Census Tract 181.11,280.9041716,8.099135399,0.028832379
48113018118,TX,Dallas County,Census Tract 181.18,685.021659,19.75080299,0.028832377
48113018120,TX,Dallas County,Census Tract 181.20,803.4730557,52.8804245,0.065814808
48113018121,TX,Dallas County,Census Tract 181.21,518.3281855,34.3926965,0.066353128
48113018122,TX,Dallas County,Census Tract 181.22,2590.445973,173.4696875,0.066965183
48113018123,TX,Dallas County,Census Tract 181.23,1408.53961,92.70276642,0.06581481
48113018124,TX,Dallas County,Census Tract 181.24,784.4365368,65.72572327,0.083787177
48113018126,TX,Dallas County,Census Tract 181.26,314.2199345,9.059707642,0.028832377
48113018127,TX,Dallas County,Census Tract 181.27,137.6405351,3.968503952,0.028832378
48113018128,TX,Dallas County,Census Tract 181.28,197.152132,5.684364796,0.028832378
48113018129,TX,Dallas County,Census Tract 181.29,402.959815,11.61828995,0.028832379
48113018130,TX,Dallas County,Census Tract 181.30,299.8738023,8.646075249,0.028832379
48113018132,TX,Dallas County,Census Tract 181.32,420.2000375,12.11536598,0.028832377
48113018133,TX,Dallas County,Census Tract 181.33,598.7057049,47.13156414,0.078722424
48113018134,TX,Dallas County,Census Tract 181.34,956.0561107,75.26305389,0.078722423
48113018135,TX,Dallas County,Census Tract 181.35,168.0748392,13.81844093,0.082216
48113018136,TX,Dallas County,Census Tract 181.36,341.8644609,28.10672832,0.082215999
48113018137,TX,Dallas County,Census Tract 181.37,367.4174842,11.2300052,0.0305647
48113018138,TX,Dallas County,Census Tract 181.38,345.153649,10.5495171,0.030564698
48113018139,TX,Dallas County,Census Tract 181.39,300.4676637,25.17533875,0.083787182
48113018140,TX,Dallas County,Census Tract 181.40,188.0578068,15.75683308,0.083787179
48113018141,TX,Dallas County,Census Tract 181.41,827.8345389,23.86843872,0.028832378
48113018142,TX,Dallas County,Census Tract 181.42,708.2725539,20.42118263,0.028832379
48113018203,TX,Dallas County,Census Tract 182.03,4879.864845,374.6517391,0.076775024
48113018204,TX,Dallas County,Census Tract 182.04,2073.895958,159.4623948,0.076890258
48113018205,TX,Dallas County,Census Tract 182.05,1956.612474,150.4463654,0.076891243
48113018206,TX,Dallas County,Census Tract 182.06,2076.880096,159.6938934,0.076891244
48113018300,TX,Dallas County,Census Tract 183,7836.510748,243.5775194,0.031082395
48113018401,TX,Dallas County,Census Tract 184.01,3121.689212,78.30535126,0.025084288
48113018402,TX,Dallas County,Census Tract 184.02,3186.820717,79.93913269,0.025084289
48113018403,TX,Dallas County,Census Tract 184.03,1106.489619,27.75550461,0.025084288
48113018501,TX,Dallas County,Census Tract 185.01,3760.000012,166,0.044148936
48113018503,TX,Dallas County,Census Tract 185.03,5.029578004,0.38689062,0.076923078
48113018505,TX,Dallas County,Census Tract 185.05,29.28695452,2.252842665,0.076923077
48113018506,TX,Dallas County,Census Tract 185.06,30.68346951,2.360266924,0.076923078
48113018600,TX,Dallas County,Census Tract 186,4303.736442,90.97328949,0.021138211
48113018700,TX,Dallas County,Census Tract 187,4981.999976,327,0.065636291
48113018801,TX,Dallas County,Census Tract 188.01,3747.778174,213.1337738,0.056869367
48113018802,TX,Dallas County,Census Tract 188.02,1856.362474,108.3335323,0.058357963
48113018900,TX,Dallas County,Census Tract 189,3528.025484,235.8841163,0.066860094
48113019004,TX,Dallas County,Census Tract 190.04,4302.000013,56,0.013017201
48113019013,TX,Dallas County,Census Tract 190.13,2968.401616,62.28540039,0.020982808
48113019014,TX,Dallas County,Census Tract 190.14,5929.315317,124.8770866,0.021060962
48113019016,TX,Dallas County,Census Tract 190.16,90.41270807,10.19441168,0.11275419
48113019018,TX,Dallas County,Census Tract 190.18,114.7403867,13.04331207,0.113676731
48113019019,TX,Dallas County,Census Tract 190.19,136.7350436,15.54359245,0.113676729
48113019020,TX,Dallas County,Census Tract 190.20,80.29403957,5.91121769,0.073619633
48113019021,TX,Dallas County,Census Tract 190.21,81.95548425,6.033532619,0.073619632
48113019023,TX,Dallas County,Census Tract 190.23,444.7155818,18.68341025,0.042012043
48113019024,TX,Dallas County,Census Tract 190.24,411.6181316,17.35181986,0.04215514
48113019025,TX,Dallas County,Census Tract 190.25,348.7061339,6.888022423,0.019753086
48113019026,TX,Dallas County,Census Tract 190.26,461.2938668,9.111977577,0.019753086
48113019027,TX,Dallas County,Census Tract 190.27,160.7910865,1.064841628,0.006622517
48113019028,TX,Dallas County,Census Tract 190.28,43.65951406,0.289135844,0.006622516
48113019029,TX,Dallas County,Census Tract 190.29,68.69257221,0.454917699,0.006622517
48113019031,TX,Dallas County,Census Tract 190.31,115.3864731,0.764148831,0.006622517
48113019032,TX,Dallas County,Census Tract 190.32,2821.665562,59.20646667,0.020982808
48113019033,TX,Dallas County,Census Tract 190.33,3064.714388,64.30631256,0.020982808
48113019034,TX,Dallas County,Census Tract 190.34,146.8765824,15.82539308,0.107746196
48113019035,TX,Dallas County,Census Tract 190.35,85.77354496,9.750455856,0.113676727
48113019036,TX,Dallas County,Census Tract 190.36,432.4230074,18.19763856,0.042082956
48113019037,TX,Dallas County,Census Tract 190.37,285.5945184,11.99542589,0.042001597
48113019038,TX,Dallas County,Census Tract 190.38,28.37076079,1.194342852,0.042097667
48113019039,TX,Dallas County,Census Tract 190.39,1486.140347,62.56304169,0.042097667
48113019040,TX,Dallas County,Census Tract 190.40,611.7722275,25.82842922,0.042219029
48113019041,TX,Dallas County,Census Tract 190.41,447.6036824,18.89739282,0.042219029
48113019042,TX,Dallas County,Census Tract 190.42,149.7056343,0.991428018,0.006622516
48113019043,TX,Dallas County,Census Tract 190.43,365.73864,2.422110081,0.006622516
48113019100,TX,Dallas County,Census Tract 191,6103.00005,191,0.031296084
48113019202,TX,Dallas County,Census Tract 192.02,5072.000009,85,0.016758675
48113019203,TX,Dallas County,Census Tract 192.03,5703.000037,138,0.02419779
48113019204,TX,Dallas County,Census Tract 192.04,6482.00001,225,0.034711509
48113019205,TX,Dallas County,Census Tract 192.05,3086.081968,7.327348918,0.002374321
48113019206,TX,Dallas County,Census Tract 192.06,6233.181477,62.6892686,0.010057347
48113019208,TX,Dallas County,Census Tract 192.08,2635.990039,124.0071564,0.047043864
48113019210,TX,Dallas County,Census Tract 192.10,4477.870296,32.87716675,0.007342144
48113019211,TX,Dallas County,Census Tract 192.11,5053.866287,37.10621262,0.007342144
48113019212,TX,Dallas County,Census Tract 192.12,1386.526975,65.22758484,0.047043863
48113019213,TX,Dallas County,Census Tract 192.13,696.4829997,32.76525116,0.047043863
48113019301,TX,Dallas County,Census Tract 193.01,2546.015624,88.19609883,0.034640832
48113019302,TX,Dallas County,Census Tract 193.02,6665.53116,486.8295915,0.073036879
48113019400,TX,Dallas County,Census Tract 194,3753.317409,347.013685,0.092455193
48113019501,TX,Dallas County,Census Tract 195.01,6157.250776,265.5016174,0.043120157
48113019502,TX,Dallas County,Census Tract 195.02,4554.732786,313.092299,0.068739993
48113019600,TX,Dallas County,Census Tract 196,2625.982581,136.8427582,0.052111069
48113019700,TX,Dallas County,Census Tract 197,2691.956959,179.463991,0.066666739
48113019800,TX,Dallas County,Census Tract 198,4789.515884,318.5536021,0.066510606
48113019900,TX,Dallas County,Census Tract 199,3565.479811,438.9993525,0.123124902
48113020000,TX,Dallas County,Census Tract 200,314.5824475,26.74379349,0.085013623
48113020100,TX,Dallas County,Census Tract 201,4434.63131,417.8059635,0.094214363
48113020200,TX,Dallas County,Census Tract 202,3411.544039,811.8366432,0.237967511
48113020300,TX,Dallas County,Census Tract 203,10558.431,3465.041519,0.328177692
48113020400,TX,Dallas County,Census Tract 204,3027.91755,1016.344824,0.335658025
48113020500,TX,Dallas County,Census Tract 205,13926.00014,8633,0.619919569
48113020600,TX,Dallas County,Census Tract 206,3003.999987,190,0.063249002
48113020700,TX,Dallas County,Census Tract 207,875.3792713,56.32605743,0.064344747
48113980000,TX,Dallas County,Census Tract 9800,23.90951256,0.626527036,0.026204091
48113980100,TX,Dallas County,Census Tract 9801,144.0698496,19.25653267,0.133661087
