GEOID,travel_time
48001950100,32.6
48001950401,4.8
48001950402,11.2
48001950500,24
48001950600,18.4
48001950700,12.8
48001950800,14.2
48001950901,26.6
48001950902,18.5
48001951000,24.8
48001951100,22.3
48003950100,23.5
48003950200,23.2
48003950300,22.4
48003950400,23.7
48005000101,17.8
48005000102,22.2
48005000200,28
48005000301,16.2
48005000302,20.7
48005000400,15.5
48005000500,16.2
48005000600,15.3
48005000700,12.7
48005000800,15.7
48005000901,13.9
48005000902,17.1
48005001001,19.3
48005001002,23.8
48005001100,21.5
48005001200,31.7
48005001300,21.9
48007950100,23.4
48007950200,30.2
48007950300,13.9
48007950400,23.6
48007950500,28.9
48007990000,-
48009020100,19.1
48009020200,23.4
48009020300,19.9
48011950100,25.8
48013960100,25
48013960201,38.4
48013960202,35.7
48013960300,30.4
48013960401,41.9
48013960402,23.2
48013960500,29
48013960600,22.9
48015760100,29.5
48015760200,30.3
48015760300,26.6
48015760400,30.4
48015760501,32.6
48015760502,21.7
48017950100,19.3
48019000101,28.9
48019000102,34.7
48019000200,28.2
48019000300,50.1
48019000400,47.3
48021950100,35.9
48021950200,35.5
48021950300,33.8
48021950400,31.5
48021950501,26.9
48021950502,35.7
48021950600,34.9
48021950700,24.9
48021950801,40.9
48021950802,40.8
48023950300,13.5
48025950100,35.9
48025950201,34.7
48025950202,32.5
48025950300,18.2
48025950400,17.2
48025950500,21
48025950600,31.9
48027020100,21.5
48027020201,19.5
48027020202,25.4
48027020300,21
48027020401,14.8
48027020402,17.4
48027020500,15.9
48027020600,15
48027020701,11.2
48027020702,16.8
48027020800,16.7
48027020900,14.4
48027021000,12.7
48027021100,13.1
48027021201,13.6
48027021202,14.8
48027021203,14.8
48027021301,17.2
48027021302,15.4
48027021303,14
48027021400,22.2
48027021500,18.7
48027021601,16.5
48027021602,16.5
48027021700,18.6
48027021800,26.7
48027021901,15.7
48027021903,17.7
48027021904,24.2
48027022000,20.7
48027022101,20.5
48027022103,25.3
48027022104,16.4
48027022105,21.7
48027022200,21
48027022300,20.9
48027022401,18.9
48027022402,21.4
48027022403,19.7
48027022404,20.7
48027022405,18.8
48027022501,23.6
48027022502,22.9
48027022600,16.5
48027022801,19.7
48027022900,19
48027023000,18
48027023103,20.8
48027023104,14.5
48027023105,23.4
48027023106,17.9
48027023107,15.6
48027023108,19.2
48027023201,9.9
48027023202,12.1
48027023203,13.7
48027023204,9.2
48027023300,27.6
48027023402,23.2
48027023403,23.7
48027023404,26
48027023500,19.7
48027980001,7.9
48027980002,-
48027980003,-
48029110100,21.1
48029110300,18.7
48029110500,25.1
48029110600,24
48029110700,19.3
48029110800,15.8
48029110900,28.1
48029111000,23.3
48029120100,10.9
48029120300,18.7
48029120400,21.5
48029120501,20.9
48029120502,22.7
48029120600,21.6
48029120701,20.5
48029120702,19.4
48029120800,17.6
48029120901,22.5
48029120902,18.8
48029121000,25.1
48029121108,19
48029121110,24
48029121111,23.7
48029121112,24.6
48029121115,21.2
48029121116,23.9
48029121117,22.1
48029121118,22.9
48029121119,23.9
48029121120,22.7
48029121121,24.6
48029121122,23.5
48029121203,21.6
48029121204,20.2
48029121205,22.3
48029121206,22.2
48029121300,22.8
48029121402,24.4
48029121403,22.5
48029121404,17.5
48029121501,24.3
48029121504,22.6
48029121505,26.8
48029121506,27.6
48029121507,27.6
48029121508,26.5
48029121601,23.9
48029121604,24.5
48029121605,30.7
48029121606,20.3
48029121701,20.3
48029121702,24.9
48029121802,25.7
48029121803,23
48029121804,25.3
48029121808,25
48029121809,24.1
48029121810,23.5
48029121811,23
48029121812,23.9
48029121813,24.1
48029121903,27.8
48029121904,27.9
48029121905,34.2
48029121906,25.6
48029121907,33.5
48029121908,40.3
48029121909,24.1
48029121910,29.6
48029130200,27
48029130300,24.3
48029130401,26.7
48029130402,20.2
48029130500,23.6
48029130600,23.2
48029130700,23.4
48029130800,23.1
48029130900,20.9
48029131000,20.5
48029131100,21.1
48029131200,26
48029131300,23.5
48029131401,24.9
48029131402,27.7
48029131503,21.1
48029131504,20.4
48029131505,19.4
48029131506,24.7
48029131507,23
48029131601,33
48029131606,26.8
48029131608,24.9
48029131609,25
48029131610,26.3
48029131611,20.9
48029131612,29.7
48029131613,24.9
48029131614,27.8
48029131615,24.3
48029131700,11.2
48029131801,27.6
48029131802,28.1
48029140100,26.5
48029140200,23.4
48029140300,27.1
48029140400,19.9
48029140500,21
48029140600,23.4
48029140700,21.3
48029140800,20.8
48029140900,19.8
48029141000,21.7
48029141101,21.8
48029141102,19.6
48029141200,27
48029141300,22.1
48029141402,24.8
48029141403,26.6
48029141404,26.4
48029141600,25.5
48029141700,24.3
48029141800,30.4
48029141900,27.9
48029150100,21.4
48029150300,23
48029150400,17
48029150501,30.3
48029150502,24.4
48029150600,21.2
48029150700,24.8
48029150800,29.9
48029150900,24.9
48029151000,20.9
48029151100,26.6
48029151200,24.4
48029151301,25.8
48029151302,21.9
48029151400,27
48029151500,21.9
48029151600,22.9
48029151700,25
48029151900,25.1
48029152000,23.8
48029152100,33.1
48029152201,36.9
48029152202,34.1
48029160100,24.5
48029160200,24
48029160300,22.7
48029160400,24.7
48029160501,25.9
48029160502,24.7
48029160600,25.8
48029160701,25.2
48029160702,26.3
48029160901,27.2
48029160902,23.3
48029161000,26.8
48029161100,24.3
48029161200,22.8
48029161302,25.9
48029161303,27.4
48029161304,26.2
48029161400,13.4
48029161501,24.6
48029161503,26.9
48029161504,27.6
48029161600,22.7
48029161801,23.9
48029161802,26
48029161901,25.2
48029161902,31.5
48029162001,26.1
48029162003,31.8
48029162004,25.5
48029170101,23.8
48029170102,22.5
48029170200,25.8
48029170300,28.7
48029170401,22.4
48029170402,26.7
48029170500,23.5
48029170600,22.6
48029170700,25.2
48029170800,26.8
48029170900,30.2
48029171000,29.4
48029171100,24.6
48029171200,25.7
48029171301,25
48029171302,20.1
48029171401,26.2
48029171402,27.2
48029171501,24.6
48029171502,25.8
48029171601,29.9
48029171602,24.8
48029171700,24.7
48029171801,27.5
48029171802,24.8
48029171902,20.9
48029171903,24.5
48029171912,28.9
48029171913,23.3
48029171914,24.8
48029171915,26.3
48029171916,24
48029171917,22.7
48029171918,27
48029171919,24.3
48029171920,28.5
48029171921,27.3
48029171922,25.6
48029171923,22.9
48029171924,21.4
48029171925,26.7
48029172002,24.6
48029172003,28.2
48029172004,26.3
48029172005,27.6
48029172006,30.1
48029172007,28
48029180101,23.1
48029180102,21.9
48029180201,22.5
48029180202,23.9
48029180300,27.3
48029180400,24.9
48029180501,26.6
48029180503,25.3
48029180504,24.2
48029180602,21.8
48029180603,24.2
48029180604,21
48029180701,17
48029180702,24.2
48029180800,21
48029180901,20.8
48029180902,21.8
48029181001,18.6
48029181003,19.8
48029181004,17
48029181005,22.4
48029181100,18.9
48029181200,18.7
48029181301,19.6
48029181302,18.2
48029181303,19.7
48029181402,17
48029181403,18.9
48029181404,16.2
48029181503,21.6
48029181504,19.8
48029181505,21.4
48029181506,23
48029181601,27.2
48029181602,23
48029181703,22.8
48029181704,22.6
48029181705,25.1
48029181711,27.4
48029181712,26.6
48029181713,24.3
48029181715,29.2
48029181716,28.7
48029181718,25.4
48029181720,27.6
48029181721,25.7
48029181722,29.5
48029181723,28.1
48029181724,31.4
48029181725,24.2
48029181726,30.9
48029181727,26.7
48029181728,26.4
48029181729,27.4
48029181730,32
48029181731,27.1
48029181808,21.3
48029181809,22.6
48029181811,25.1
48029181813,21.5
48029181814,20.3
48029181815,21
48029181816,25.5
48029181817,19
48029181818,26.3
48029181819,21.7
48029181820,17.1
48029181821,26.4
48029181822,21.2
48029181823,21.3
48029181824,23.1
48029181825,25
48029181826,22
48029181901,14.9
48029181902,26
48029182001,26
48029182002,27.5
48029182003,24.2
48029182101,27
48029182102,29.3
48029182103,29.3
48029182105,31.5
48029182106,28.6
48029190100,20
48029190200,18.2
48029190400,11.5
48029190501,19.1
48029190503,18
48029190504,19.2
48029190601,23.1
48029190603,22.1
48029190604,18.6
48029190700,19.6
48029190800,16.3
48029190901,19.5
48029190902,17.5
48029191003,18.1
48029191004,19.4
48029191005,21.8
48029191006,24.5
48029191101,16
48029191102,19.8
48029191201,20
48029191202,22
48029191303,18.5
48029191304,27.7
48029191405,21.5
48029191406,25.5
48029191408,21.6
48029191409,18.2
48029191410,23.4
48029191411,22.9
48029191412,25.3
48029191413,20.7
48029191503,21.8
48029191504,20
48029191505,22.8
48029191506,21.9
48029191701,20
48029191702,20.5
48029191804,33.8
48029191806,24
48029191807,23.9
48029191808,30.5
48029191809,31.7
48029191810,30.2
48029191811,31.8
48029191812,27.7
48029191813,23.2
48029191814,36.9
48029191815,30.6
48029191816,19.3
48029191817,26.7
48029191900,28.4
48029192000,17.9
48029192100,18.8
48029192200,21.7
48029192300,20.8
48029980001,-
48029980002,N
48029980003,12.2
48029980004,-
48029980005,N
48029980100,8.1
48031950100,26.2
48031950200,28.3
48033950100,24.7
48035950100,36.8
48035950200,26.4
48035950300,35.4
48035950400,24.9
48035950500,15.4
48035950600,41
48035950700,29.1
48037010100,13.9
48037010400,15.7
48037010500,14.4
48037010600,14.1
48037010700,14.1
48037010800,15.5
48037010901,13.4
48037010902,15.8
48037011000,14.2
48037011100,16
48037011200,19.4
48037011300,16.3
48037011401,21.8
48037011402,22.6
48037011501,18.3
48037011502,17.6
48037011600,22.8
48037011700,28.1
48039660100,27.5
48039660200,29.3
48039660300,29.6
48039660400,27.2
48039660500,29.4
48039660601,31.2
48039660602,33.9
48039660701,32.6
48039660702,33.2
48039660801,31
48039660802,33.8
48039660900,32.8
48039661000,29.7
48039661100,29.4
48039661200,25.9
48039661300,27.1
48039661400,26
48039661501,29.8
48039661502,34.2
48039661601,31.2
48039661602,34.4
48039661700,31.1
48039661800,39.4
48039661900,37.3
48039662000,33.8
48039662100,27.5
48039662200,24.9
48039662300,22.2
48039662400,25.9
48039662500,27.5
48039662600,28.8
48039662700,34.4
48039662800,27.2
48039662900,25
48039663000,29.5
48039663100,23.3
48039663200,22.8
48039663300,19.8
48039663400,23.3
48039663500,21.9
48039663600,19.1
48039663700,18.7
48039663800,18.4
48039663900,15.5
48039664000,19.7
48039664100,28
48039664200,22.1
48039664300,21.9
48039664400,18.4
48039664501,28.1
48039990000,-
48041000101,19.1
48041000102,21.2
48041000103,29.1
48041000201,16.3
48041000202,23.5
48041000300,17
48041000400,15.5
48041000500,17.4
48041000603,18.4
48041000604,21.8
48041000700,18.4
48041000800,14.6
48041000900,22.2
48041001000,15
48041001100,14.9
48041001301,14.7
48041001302,20.3
48041001303,11.5
48041001400,15.5
48041001601,15.3
48041001604,21.1
48041001605,18.6
48041001606,15.2
48041001701,13.4
48041001702,18.6
48041001801,16.4
48041001803,18.5
48041001804,18.9
48041001900,14
48041002001,13.7
48041002002,14.6
48041002006,17.2
48041002007,25.7
48041002008,16.8
48041002009,18.9
48041002010,23.9
48041002011,22.3
48041002012,20.9
48041002013,25.7
48041002014,15.6
48041002015,13.8
48041980000,-
48043950300,9.7
48043950400,10.9
48043950500,17.3
48045950200,18.9
48047950100,23.4
48047950200,15.4
48049950100,25.8
48049950200,27.9
48049950300,26.6
48049950500,19.4
48049950600,9.7
48049950700,16.3
48049950800,12.4
48049950900,14
48049951000,10.7
48049951100,19.1
48049951200,13.6
48049951300,17.3
48051970100,36.2
48051970200,38.1
48051970300,23.7
48051970400,25
48051970500,22.7
48053960100,35.8
48053960200,32.4
48053960300,19.4
48053960400,28.6
48053960500,26.2
48053960600,24.6
48053960700,18.8
48053960800,35.3
48055960101,39.8
48055960102,39.3
48055960200,23.1
48055960300,34.9
48055960400,25.8
48055960500,25
48055960600,32.8
48055960700,31.9
48057000100,19.4
48057000200,17.4
48057000300,21.3
48057000400,22.9
48057000500,29.3
48057990000,-
48059030101,19.6
48059030102,24.1
48059030200,23.6
48061010100,22.3
48061010201,23.5
48061010203,21.4
48061010301,21.1
48061010302,18.9
48061010401,23
48061010402,18.9
48061010500,21.9
48061010601,18.5
48061010602,20.7
48061010700,15.7
48061010800,14.6
48061010900,14.5
48061011000,12.8
48061011100,16.1
48061011200,13
48061011301,14.2
48061011302,17.8
48061011400,23
48061011500,19.9
48061011600,22.1
48061011700,16.1
48061011801,14.9
48061011802,16.6
48061011901,19.2
48061011902,17.3
48061011903,29.1
48061012001,18.6
48061012002,21
48061012101,29.6
48061012102,25.3
48061012200,24.8
48061012301,26.7
48061012304,20.2
48061012305,20.1
48061012401,20.1
48061012402,22.7
48061012504,19.2
48061012505,24.9
48061012506,21.4
48061012507,22.4
48061012508,23.8
48061012607,17.1
48061012608,18.1
48061012609,20.5
48061012612,18.3
48061012613,18.3
48061012700,18.8
48061012800,21.7
48061012900,18.4
48061013002,19.9
48061013003,16.7
48061013004,15.7
48061013102,16.2
48061013104,17.3
48061013106,20.3
48061013203,17.4
48061013204,19.5
48061013205,19.7
48061013206,18.8
48061013207,18.7
48061013303,21.8
48061013305,18.2
48061013306,21.9
48061013307,20.1
48061013308,22.1
48061013309,20.1
48061013401,16.6
48061013402,19.7
48061013500,16.3
48061013600,21.9
48061013700,18.2
48061013801,20.4
48061013802,14.4
48061013901,18.9
48061013902,16.8
48061013903,19.4
48061014001,15.9
48061014002,18.2
48061014100,19.1
48061014200,20.3
48061014300,18.4
48061014400,22.9
48061014500,18.5
48061980001,-
48061980100,-
48061990000,-
48063950101,26.8
48063950102,20
48063950200,16.5
48065950100,20.5
48065950200,19.3
48067950100,24.6
48067950200,37.2
48067950300,29
48067950400,22.5
48067950500,26.5
48067950600,27.5
48067950700,27.4
48069950100,17.5
48069950200,14.2
48069950300,16.1
48071710100,30.5
48071710200,31.8
48071710300,36.4
48071710401,33.4
48071710500,27.1
48071710600,-
48071990000,-
48073950100,26.7
48073950200,33.7
48073950300,22.5
48073950400,20.6
48073950500,16.9
48073950600,22.2
48073950700,20.3
48073950801,24.8
48073950802,25.4
48073950900,16
48073951000,21.3
48073951100,28.4
48075950100,11.2
48075950200,12.8
48077030200,24.3
48077030301,22.7
48077030302,30.2
48079950100,16.7
48081950100,21.4
48081950200,21.6
48083950300,16.5
48083950600,38
48083950700,24.1
48085030100,39.3
48085030201,27.5
48085030202,33.6
48085030203,32.7
48085030301,34.2
48085030302,35.4
48085030303,30.6
48085030304,31.3
48085030305,31.9
48085030403,25
48085030404,33.4
48085030405,23.2
48085030406,17.5
48085030407,25.9
48085030408,24.2
48085030504,27.4
48085030505,25.2
48085030506,24.3
48085030507,18.6
48085030508,23.7
48085030509,31.2
48085030510,24.9
48085030511,30.7
48085030512,30.2
48085030513,27.1
48085030514,26.9
48085030515,28.5
48085030516,28.1
48085030517,26.8
48085030518,27.7
48085030519,29
48085030520,30.4
48085030521,34.8
48085030522,32.7
48085030523,29.2
48085030524,30.7
48085030525,32.4
48085030526,34.7
48085030527,28.5
48085030528,29.5
48085030529,30
48085030530,25.8
48085030531,32.8
48085030601,27.9
48085030603,28.6
48085030604,35.6
48085030605,33.1
48085030701,20
48085030702,24.3
48085030801,24.7
48085030802,24.5
48085030900,22.4
48085031001,32.6
48085031003,35.1
48085031004,40.9
48085031100,37.5
48085031201,38.5
48085031202,39.6
48085031308,32
48085031309,34.8
48085031310,26.6
48085031311,33.7
48085031312,26.9
48085031313,30.1
48085031314,33.6
48085031315,31.7
48085031316,31.1
48085031317,30.5
48085031405,30.6
48085031406,28.2
48085031407,31.9
48085031408,27.3
48085031409,26.4
48085031410,26.7
48085031411,29.5
48085031504,27.8
48085031505,27
48085031506,24.7
48085031507,25.4
48085031508,24.4
48085031611,28.3
48085031612,27
48085031613,28.1
48085031621,25.7
48085031622,26.8
48085031623,23.2
48085031624,23.1
48085031625,24.5
48085031626,24.5
48085031627,27.6
48085031628,26.8
48085031629,23.8
48085031630,25.7
48085031631,28.3
48085031632,23.3
48085031633,27.4
48085031634,30.4
48085031635,26
48085031636,24.2
48085031637,24.8
48085031638,28.6
48085031639,26.7
48085031640,27.7
48085031641,26.6
48085031642,25.6
48085031643,24.5
48085031645,24.8
48085031646,23.6
48085031647,22.6
48085031648,22.6
48085031649,22.4
48085031652,27.8
48085031653,24.5
48085031654,25.4
48085031655,24.7
48085031656,24.2
48085031657,20.1
48085031658,19.1
48085031659,17.6
48085031660,18.4
48085031661,30.7
48085031662,27
48085031663,26
48085031664,28.4
48085031704,24.1
48085031706,23.7
48085031708,20.5
48085031709,21.8
48085031711,22
48085031712,25.5
48085031713,23.2
48085031714,21.1
48085031715,23.9
48085031716,21.2
48085031717,22.3
48085031718,20.6
48085031719,19.4
48085031720,22.7
48085031802,23.5
48085031804,20.9
48085031805,23.5
48085031806,15.9
48085031807,26.2
48085031900,22.9
48085032003,22.1
48085032004,26.5
48085032008,27.7
48085032009,24.9
48085032010,29.3
48085032011,25.9
48085032012,24.8
48085032013,23.4
48087950300,19.3
48089750100,21.1
48089750200,24.4
48089750300,23
48089750400,29.4
48089750500,20.7
48091310100,21.1
48091310200,23.3
48091310300,21.2
48091310401,21.2
48091310403,24.3
48091310404,18.5
48091310501,19.4
48091310502,21.6
48091310503,27
48091310603,40.4
48091310604,43.5
48091310605,44.2
48091310606,40.6
48091310607,36.4
48091310608,30.4
48091310701,32.7
48091310702,38.2
48091310703,38.1
48091310704,37
48091310801,33.1
48091310802,27.6
48091310901,29.1
48091310902,29.5
48091310903,32
48093950100,26
48093950200,22.7
48093950300,15.7
48093950400,25.8
48095950300,24.9
48097000100,25.8
48097000200,20.6
48097000400,21.1
48097000500,19.2
48097000600,24.6
48097000700,27.7
48097000900,29.9
48097001100,21.8
48099010101,26.7
48099010102,33.6
48099010201,7.5
48099010202,18.6
48099010300,22.2
48099010400,16.8
48099010501,13.6
48099010502,14.2
48099010503,7.1
48099010504,17.2
48099010601,19.6
48099010603,23
48099010604,24.4
48099010701,22.6
48099010702,28
48099010802,24.4
48099010803,26.5
48099010804,20.2
48099980000,N
48101950100,17.4
48103950100,24.5
48105950100,17.2
48107950100,20.3
48107950200,17.9
48107950300,22.1
48109950300,10.9
48111950100,14.2
48111950300,14
48113000100,23
48113000201,20.4
48113000202,24.1
48113000300,20.3
48113000401,24
48113000404,21.2
48113000405,23.9
48113000406,23.1
48113000500,16.4
48113000601,18.3
48113000603,18.1
48113000605,20.5
48113000606,18.9
48113000701,17.3
48113000702,16.4
48113000800,22.3
48113000900,24.7
48113001001,18.6
48113001002,17.6
48113001101,22.1
48113001102,21.9
48113001202,21.8
48113001203,25.7
48113001204,24
48113001301,21.7
48113001302,22.9
48113001400,26.9
48113001502,24.4
48113001503,26.7
48113001504,23.1
48113001600,19.2
48113001701,24.7
48113001703,18.2
48113001704,16.9
48113001800,20.5
48113001900,19.4
48113002000,29.5
48113002100,18.2
48113002200,19.9
48113002400,23.3
48113002500,26.6
48113002701,34.1
48113002702,37.3
48113003101,20.4
48113003400,29.1
48113003700,35.3
48113003800,29.7
48113003901,32.7
48113003902,35.4
48113004000,26.1
48113004100,23.4
48113004201,23.3
48113004202,22.1
48113004300,23.5
48113004400,24
48113004500,27.1
48113004600,22.4
48113004700,27.3
48113004800,29.5
48113004900,38.2
48113005000,24.2
48113005100,23.9
48113005200,27.9
48113005300,27.3
48113005400,26.1
48113005500,32.6
48113005600,27
48113005700,26.5
48113005901,30.8
48113005902,33.8
48113006001,32.9
48113006002,23.2
48113006100,28.2
48113006200,26
48113006301,24.2
48113006302,28.8
48113006401,29.4
48113006402,29.7
48113006501,26.4
48113006502,24.9
48113006700,29.5
48113006800,27.7
48113006900,24.9
48113007101,17.9
48113007102,21.8
48113007201,25.9
48113007202,26.4
48113007301,16.4
48113007302,18.4
48113007601,19.9
48113007604,20.6
48113007605,18.6
48113007700,17.3
48113007801,15.7
48113007804,18.2
48113007805,23.1
48113007809,27.2
48113007810,22.7
48113007811,28.3
48113007812,21.5
48113007815,26.4
48113007818,26.6
48113007819,25
48113007820,32.1
48113007821,28.9
48113007822,16.6
48113007823,24
48113007824,18.1
48113007825,27
48113007826,56.8
48113007827,24.4
48113007902,23.1
48113007903,23.6
48113007906,17.8
48113007909,20.1
48113007910,19.8
48113007911,21.4
48113007912,19.3
48113007913,18.1
48113007914,32
48113008000,24
48113008100,22.5
48113008200,27.4
48113008400,27.9
48113008500,32.6
48113008603,27.5
48113008604,30.1
48113008701,32
48113008703,38.9
48113008704,29.9
48113008705,34.3
48113008801,27.5
48113008802,27.6
48113008900,29.8
48113009000,27
48113009101,29.2
48113009103,38.3
48113009104,31.1
48113009105,30.1
48113009201,35.1
48113009202,31.7
48113009301,31
48113009303,35.4
48113009304,36.7
48113009401,22.6
48113009402,20.1
48113009500,20.9
48113009603,19.7
48113009604,20.2
48113009605,24.4
48113009607,21
48113009608,21.4
48113009609,19.3
48113009610,24.7
48113009611,22
48113009701,21.5
48113009702,19.6
48113009802,22.7
48113009803,19.8
48113009804,26.8
48113009900,21.7
48113010000,21.6
48113010101,28.4
48113010102,22
48113010500,24.9
48113010601,23.3
48113010602,21.5
48113010701,21.7
48113010703,25.2
48113010704,26.7
48113010801,26.3
48113010803,23.9
48113010804,28.5
48113010805,24.5
48113010902,29.6
48113010903,25.1
48113010904,25.5
48113011001,26
48113011002,26.7
48113011101,25
48113011103,30.9
48113011104,26.4
48113011105,34.6
48113011200,26.3
48113011300,30.7
48113011401,35.9
48113011500,30.8
48113011601,31.1
48113011602,30.5
48113011701,25.3
48113011702,33.7
48113011800,27
48113011900,35.4
48113012000,30.5
48113012100,30.7
48113012204,31
48113012206,26.4
48113012207,27.9
48113012208,30.8
48113012209,30.8
48113012210,32.9
48113012211,29.1
48113012301,27.2
48113012302,28
48113012400,26.2
48113012500,30
48113012601,33.4
48113012603,25.4
48113012604,26.1
48113012701,31.5
48113012702,31
48113012800,26.3
48113012900,22.9
48113013004,24.8
48113013005,24
48113013007,24.4
48113013008,23.1
48113013009,25.3
48113013010,31.7
48113013011,31
48113013101,22.5
48113013102,20.8
48113013104,18.7
48113013105,26.9
48113013200,18.3
48113013300,20.4
48113013400,20.1
48113013500,16.8
48113013605,23.9
48113013606,23.7
48113013607,20.5
48113013608,22.1
48113013609,22.3
48113013610,23.4
48113013611,18.3
48113013615,23.4
48113013616,19.3
48113013617,22.4
48113013618,20.5
48113013619,24.4
48113013620,20.8
48113013621,22.5
48113013622,20.3
48113013623,20.9
48113013624,23.8
48113013625,19.7
48113013626,21.3
48113013711,22.6
48113013712,19.8
48113013713,21
48113013714,19.3
48113013715,22
48113013716,20.8
48113013717,21.4
48113013718,23.9
48113013719,24.6
48113013720,24.8
48113013721,23.1
48113013722,24.9
48113013725,23.4
48113013726,21.4
48113013727,23.5
48113013803,22.4
48113013804,21.8
48113013805,21.5
48113013806,18.7
48113013901,22.9
48113013902,19.2
48113014001,19.5
48113014002,N
48113014103,24.1
48113014113,24
48113014114,25.2
48113014115,19.7
48113014116,21
48113014119,23.5
48113014120,27.3
48113014121,24.4
48113014123,23.5
48113014124,25.2
48113014126,24
48113014127,21
48113014128,22
48113014129,21.8
48113014130,19.4
48113014131,22.6
48113014132,24.1
48113014133,23.6
48113014134,26.3
48113014135,25.6
48113014136,24
48113014137,18.7
48113014138,18
48113014203,21.1
48113014204,18.6
48113014205,20
48113014206,15.8
48113014302,22.3
48113014306,25.3
48113014307,22.4
48113014308,25.9
48113014309,23.7
48113014310,24.5
48113014311,19.5
48113014312,19.8
48113014403,19.2
48113014405,22.8
48113014406,21.1
48113014407,23.5
48113014408,24.7
48113014501,25.1
48113014502,20.8
48113014601,22.2
48113014602,24.4
48113014603,26.8
48113014701,23.2
48113014702,26.4
48113014703,26.1
48113014901,26.3
48113014902,27.7
48113015000,24.6
48113015100,27.2
48113015202,22.3
48113015204,27.6
48113015205,24.9
48113015206,21.7
48113015303,28.8
48113015304,25
48113015305,22.5
48113015306,25
48113015401,23
48113015403,21.9
48113015404,24.6
48113015500,28.1
48113015600,28
48113015700,27.8
48113015800,23.8
48113015900,24.7
48113016001,24
48113016002,28.6
48113016100,21.2
48113016201,25.9
48113016202,24.7
48113016301,28.7
48113016302,28.2
48113016401,29.4
48113016406,26.2
48113016407,24.6
48113016408,28
48113016409,29.7
48113016410,32.5
48113016411,28.2
48113016412,26.1
48113016413,29.5
48113016502,29.7
48113016509,24.4
48113016510,30.1
48113016511,27
48113016513,32.6
48113016514,31
48113016516,24.7
48113016517,26.5
48113016518,25.4
48113016519,24.9
48113016520,24
48113016521,21.2
48113016522,27.6
48113016523,32.6
48113016605,26.2
48113016606,29.6
48113016607,25.9
48113016610,30.6
48113016611,32.3
48113016612,32.9
48113016615,28.2
48113016616,31.8
48113016617,28.7
48113016618,28.5
48113016619,31.6
48113016620,30.7
48113016621,35.7
48113016622,29.7
48113016623,33.7
48113016624,32.7
48113016625,30.9
48113016626,29
48113016701,33.1
48113016703,31.3
48113016704,31.3
48113016705,31.1
48113016802,31.5
48113016803,31.2
48113016804,37.8
48113016902,28.7
48113016903,30.8
48113017001,34.6
48113017003,33
48113017004,34.1
48113017101,30.6
48113017102,31.7
48113017201,32
48113017202,27
48113017301,31
48113017303,32.8
48113017304,33.2
48113017305,32.8
48113017306,31.6
48113017400,31.6
48113017500,26.7
48113017602,24
48113017604,28.1
48113017605,34.1
48113017606,25
48113017702,30.3
48113017703,23.4
48113017704,29.7
48113017804,27.1
48113017805,26.1
48113017806,28.8
48113017807,25.3
48113017808,28.7
48113017811,25.4
48113017812,29.9
48113017813,25.8
48113017814,26.9
48113017900,28.5
48113018001,30.5
48113018002,26.5
48113018104,29.1
48113018105,26
48113018110,26.9
48113018111,30.2
48113018118,29.3
48113018120,29.2
48113018121,30.5
48113018122,29.8
48113018123,33.9
48113018124,34
48113018126,28.3
48113018127,32.4
48113018128,27.7
48113018129,28.1
48113018130,23.4
48113018132,32.8
48113018133,32.9
48113018134,33.8
48113018135,33
48113018136,27.1
48113018137,33
48113018138,26.4
48113018139,30.3
48113018140,31.7
48113018141,27.2
48113018142,30.5
48113018203,27.5
48113018204,29.7
48113018205,28.2
48113018206,31.3
48113018300,27
48113018401,27.4
48113018402,30.7
48113018403,26
48113018501,25
48113018503,29.8
48113018505,28
48113018506,28.5
48113018600,25.9
48113018700,26.1
48113018801,26.7
48113018802,30.1
48113018900,31.3
48113019004,25.7
48113019013,24.3
48113019014,29.1
48113019016,29.5
48113019018,28.2
48113019019,24.7
48113019020,22.9
48113019021,25.8
48113019023,25.9
48113019024,23.8
48113019025,29.2
48113019026,26.3
48113019027,25.8
48113019028,25.3
48113019029,25
48113019031,20.9
48113019032,23.1
48113019033,25
48113019034,28
48113019035,31.2
48113019036,26.6
48113019037,24.1
48113019038,18.9
48113019039,29.7
48113019040,21.1
48113019041,20.1
48113019042,27.9
48113019043,25
48113019100,24.3
48113019202,23.6
48113019203,20.8
48113019204,24
48113019205,21.5
48113019206,19.9
48113019208,24.4
48113019210,24.8
48113019211,27
48113019212,29.8
48113019213,25
48113019301,16.3
48113019302,15.9
48113019400,15.9
48113019501,16.1
48113019502,17.7
48113019600,19.9
48113019700,15.8
48113019800,17.2
48113019900,27.7
48113020000,22.9
48113020100,23.8
48113020200,31.7
48113020300,33.4
48113020400,21.9
48113020500,24.8
48113020600,18.6
48113020700,23.3
48113980000,-
48113980100,-
48115950401,11.7
48115950402,11.6
48115950500,16.4
48115950600,17.3
48117950300,14.9
48117950400,15.5
48117950500,14.8
48117950600,14.9
48119950100,29.3
48119950200,25.3
48121020103,28.2
48121020104,28
48121020105,39.3
48121020106,33.7
48121020107,34.5
48121020108,33.2
48121020109,30.2
48121020110,31.8
48121020111,29.2
48121020112,26.9
48121020113,36.5
48121020114,33.5
48121020115,35.7
48121020202,31.2
48121020203,22.3
48121020204,28.2
48121020205,30.7
48121020303,30.3
48121020305,28.5
48121020306,27.3
48121020307,28.2
48121020308,37.1
48121020309,35.3
48121020310,26.2
48121020401,23.4
48121020402,29.9
48121020403,17.1
48121020503,22.5
48121020504,22.3
48121020505,20.3
48121020506,27.4
48121020601,20.6
48121020602,22
48121020700,18.9
48121020800,18.1
48121020900,20.7
48121021000,20.9
48121021100,18.8
48121021201,21.4
48121021202,23
48121021301,20.6
48121021303,25.8
48121021304,27.1
48121021305,17.5
48121021403,27.4
48121021404,25.7
48121021405,23.8
48121021406,28.4
48121021407,37
48121021408,32.4
48121021409,30.5
48121021502,24.5
48121021505,25.5
48121021512,29.4
48121021513,29.5
48121021514,30
48121021515,32.2
48121021516,36.8
48121021517,24.7
48121021518,26.4
48121021519,28.5
48121021520,24.6
48121021521,26.7
48121021522,30.6
48121021523,31.8
48121021524,28.6
48121021525,29.5
48121021526,28.8
48121021527,31.5
48121021611,24.6
48121021612,25.6
48121021613,23.4
48121021614,22.6
48121021615,22.7
48121021616,26.6
48121021618,23.4
48121021619,20.8
48121021620,25.9
48121021621,24.5
48121021622,25.8
48121021623,26.8
48121021624,25.6
48121021625,29.1
48121021626,21.7
48121021627,24.6
48121021628,22.3
48121021629,23.5
48121021630,28.5
48121021631,25.5
48121021632,26.5
48121021633,25.6
48121021634,22.9
48121021635,26.2
48121021636,21.5
48121021637,22.9
48121021638,23.7
48121021715,35.5
48121021716,30.7
48121021717,23.1
48121021718,34.8
48121021719,32.4
48121021720,29.4
48121021721,24.9
48121021722,26.4
48121021723,29.8
48121021724,24.8
48121021725,28.7
48121021726,23.7
48121021727,26.1
48121021728,25.5
48121021729,27.3
48121021730,28.9
48121021731,24.1
48121021732,21.9
48121021733,26.7
48121021734,28.3
48121021735,30.1
48121021736,21.7
48121021737,26.3
48121021738,20.8
48121021739,20
48121021740,22.7
48121021741,27.3
48121021742,33.7
48121021743,21.4
48121021744,20.8
48121021745,26.6
48121021746,28.7
48121021747,32.2
48121021748,27.1
48121021749,29.5
48121021750,27.8
48121021751,29
48121021752,28.3
48121021753,40.3
48121021800,24.9
48121021900,31.9
48123970100,19.4
48123970200,25.4
48123970300,21.3
48123970400,28.1
48123970500,29.9
48125950300,15.9
48127950200,14.8
48127950400,18.3
48129950200,15.1
48129950300,27.2
48131950100,18.3
48131950200,12.3
48131950500,39.6
48133950100,18.5
48133950200,14.5
48133950300,28
48133950400,22.8
48133950500,27.2
48135000100,21.1
48135000300,22.3
48135000400,17.9
48135000500,21.5
48135000600,24.1
48135000700,17.8
48135000800,19.3
48135001000,15
48135001100,22.7
48135001300,18.2
48135001500,19.7
48135001600,20
48135001700,13.9
48135001800,17.2
48135001900,16.4
48135002000,18
48135002200,26.5
48135002300,16.4
48135002400,17.5
48135002501,18.3
48135002502,17
48135002503,18
48135002700,28
48135002801,27.9
48135002802,30.1
48135002900,17.5
48135003000,23.8
48135003100,17.6
48137950300,22.9
48139060101,30.4
48139060102,33.2
48139060204,30.9
48139060206,25.1
48139060207,29.8
48139060208,28.8
48139060209,35.5
48139060210,32.6
48139060211,29.1
48139060212,29.1
48139060213,29.8
48139060214,33.2
48139060300,21.4
48139060400,19.3
48139060500,20.9
48139060600,19.8
48139060701,34.1
48139060702,30.3
48139060703,32.3
48139060801,33.7
48139060802,33.2
48139060803,26.9
48139060900,40.6
48139061000,30.5
48139061100,29.7
48139061200,25.1
48139061300,27.3
48139061400,26.6
48139061500,19.4
48139061600,19.8
48139061700,32.4
48141000101,22.4
48141000106,23.6
48141000107,25.2
48141000108,24.1
48141000109,27.7
48141000110,25.1
48141000111,22.3
48141000112,22
48141000204,21.3
48141000205,24.1
48141000206,26.1
48141000207,22.9
48141000208,22.9
48141000301,20.5
48141000302,24.6
48141000401,21.1
48141000403,20
48141000404,24.5
48141000600,26.3
48141000800,23.1
48141000900,20.2
48141001001,26
48141001002,21.7
48141001104,19.9
48141001107,23.1
48141001109,20.8
48141001110,22.6
48141001111,20.7
48141001112,20.9
48141001113,18.4
48141001114,20.2
48141001115,24.9
48141001201,23.7
48141001202,21.6
48141001203,18.2
48141001301,20.1
48141001302,22.7
48141001400,20.8
48141001501,20.6
48141001502,12.3
48141001600,19
48141001700,34.2
48141001800,27.5
48141001900,21.5
48141002000,24.7
48141002100,29.1
48141002201,28.6
48141002202,22.5
48141002300,18.6
48141002400,20.3
48141002500,18
48141002600,23.9
48141002800,23.5
48141002900,18.4
48141003000,26.1
48141003100,22.1
48141003200,19.2
48141003300,17.6
48141003402,18.3
48141003403,16.2
48141003404,17.8
48141003501,21.5
48141003502,19.5
48141003601,21.8
48141003602,23.7
48141003701,25.2
48141003702,20.4
48141003801,24
48141003803,20.7
48141003804,23
48141003901,24.9
48141003902,19.1
48141003903,24.2
48141004002,24.3
48141004003,22.1
48141004004,22.4
48141004103,20.1
48141004104,22.6
48141004105,18.8
48141004106,20.7
48141004107,21.3
48141004201,21.6
48141004202,19.6
48141004303,18.3
48141004307,22.6
48141004309,18.6
48141004310,21.6
48141004311,19.7
48141004312,19.6
48141004313,23.7
48141004314,20.3
48141004316,20.5
48141004317,19.4
48141004318,16.6
48141004319,28
48141004320,22.8
48141010101,9.8
48141010102,11.1
48141010103,11.2
48141010203,24.3
48141010207,30.3
48141010210,24.2
48141010211,27.8
48141010212,25.2
48141010213,24.9
48141010214,24.8
48141010215,24.7
48141010216,19.1
48141010217,22.5
48141010218,29.1
48141010219,24.7
48141010220,27.5
48141010221,18.9
48141010222,23.5
48141010303,23
48141010307,22.3
48141010311,21.2
48141010312,20.4
48141010316,19.7
48141010317,20.8
48141010319,31.1
48141010322,25.6
48141010323,31.8
48141010324,24.5
48141010325,21.8
48141010326,22.1
48141010327,25.6
48141010328,35.2
48141010329,23.8
48141010330,28.2
48141010331,25.7
48141010332,27.5
48141010333,23.3
48141010334,27.4
48141010335,33.9
48141010336,26.3
48141010337,24.3
48141010338,22
48141010339,30.5
48141010340,23.5
48141010341,25.6
48141010342,25.9
48141010343,30.3
48141010344,29
48141010345,20.8
48141010346,23.5
48141010347,30.7
48141010401,25.9
48141010404,30.5
48141010405,30.5
48141010406,29.7
48141010407,32.6
48141010408,24
48141010409,26.8
48141010501,44.1
48141010502,29.3
48141010504,32.7
48141010505,22.9
48141010506,36.9
48141010600,17.2
48141980000,-
48143950100,33.5
48143950201,19.4
48143950202,17.1
48143950300,17.5
48143950400,12.5
48143950500,15.1
48143950600,15.3
48143950700,29
48145000200,25.8
48145000300,23.6
48145000400,25
48145000500,28.7
48145000700,27.4
48145000800,30.2
48147950100,34
48147950300,27.1
48147950401,29.2
48147950402,15.6
48147950500,28.4
48147950600,26
48147950701,32.3
48147950702,32.9
48147950800,34
48149970100,24.2
48149970200,23.8
48149970300,19.4
48149970400,22.3
48149970500,23.6
48149970600,21
48149970700,31.9
48151950300,22
48151950400,19.9
48153950500,17.7
48153950600,18.4
48155950100,12.7
48157670101,33.1
48157670102,38.3
48157670200,31
48157670300,33
48157670400,28.8
48157670500,27
48157670601,29
48157670602,34.3
48157670700,29.9
48157670800,31.3
48157670901,32.6
48157670902,34.8
48157671001,30.3
48157671002,27.1
48157671100,29.7
48157671200,27.8
48157671300,24.4
48157671400,25.1
48157671501,28.9
48157671502,25.9
48157671601,25.9
48157671602,30.5
48157671700,27.3
48157671800,23.9
48157671900,25.8
48157672001,25.3
48157672002,24.3
48157672100,24.4
48157672200,24.2
48157672301,27.9
48157672302,29.1
48157672400,29.4
48157672500,33.5
48157672601,30.7
48157672602,31
48157672701,30.5
48157672702,29.9
48157672800,29.5
48157672900,34.7
48157673001,30.4
48157673002,28.1
48157673003,32.1
48157673101,33.9
48157673102,33.9
48157673200,36.8
48157673300,37.2
48157673400,32.4
48157673500,30.9
48157673600,31.2
48157673700,N
48157673800,30.7
48157673901,27.3
48157673902,29.5
48157674000,28.6
48157674100,25.9
48157674200,29
48157674300,31.6
48157674400,34.8
48157674501,33.2
48157674502,37.2
48157674601,31.8
48157674602,29.7
48157674603,28.7
48157674604,33.4
48157674700,29
48157674800,22.4
48157674900,25.7
48157675000,27.7
48157675100,24.1
48157675200,25
48157675300,26.2
48157675400,27.5
48157675500,32.3
48157675600,33.1
48157675700,33.6
48157675800,29.5
48159950100,24.3
48159950200,14.4
48159950300,25.7
48161000100,24.7
48161000200,11.8
48161000300,25.1
48161000400,31.8
48161000600,25.5
48161000700,19.9
48161000900,29.8
48163950100,19.9
48163950200,16
48163950300,15.3
48165950100,14.8
48165950200,18.8
48165950300,14.8
48167720100,32.7
48167720200,33
48167720301,31.5
48167720302,31.4
48167720400,32.9
48167720501,31.4
48167720502,29
48167720503,31.9
48167720600,31.3
48167720700,26.3
48167720800,24.5
48167720900,25.9
48167721000,29.6
48167721100,29.9
48167721201,28
48167721202,31.6
48167721300,26.8
48167721400,27.7
48167721500,28.4
48167721600,26.5
48167721700,30.2
48167721800,33.1
48167721900,21.8
48167722001,23.9
48167722002,18.9
48167722100,28
48167722200,21.4
48167722300,18.9
48167722600,24.8
48167722700,22.7
48167722800,22
48167722900,19.9
48167723000,26
48167723100,28.4
48167723200,23
48167723300,26.8
48167723400,27.5
48167723501,30
48167723502,31.2
48167723600,26.1
48167723700,29.3
48167723800,26.2
48167723900,22.6
48167724000,13.5
48167724101,17.8
48167724200,16.9
48167724300,20.5
48167724400,18.8
48167724500,20.8
48167724600,16
48167724700,23.4
48167724800,16.6
48167724900,17.3
48167725000,18.8
48167725100,17.1
48167725200,17.4
48167725300,22.4
48167725400,19.1
48167725500,26.7
48167725600,20.7
48167725700,17.9
48167725800,19.8
48167725900,17.2
48167726000,24.1
48167726100,35.3
48167726200,25
48167990000,-
48169950100,15
48171950100,25.2
48171950200,31.1
48171950300,17.5
48171950400,14.6
48171950500,14.4
48173950100,22
48175960100,32.4
48175960200,24
48177000100,20.8
48177000200,25.4
48177000300,13.7
48177000400,13.1
48177000500,24.7
48177000600,27.7
48179950100,20.4
48179950300,15.4
48179950400,22
48179950500,18.9
48179950600,23.7
48179950700,19.5
48179950800,19.3
48181000101,27.2
48181000102,33.4
48181000200,28.2
48181000302,22.2
48181000303,28.8
48181000304,42.5
48181000400,18.1
48181000501,19.3
48181000502,17.7
48181000600,27.6
48181000700,18.8
48181000800,19.8
48181000901,21.7
48181000902,17.1
48181001101,19.2
48181001102,28.9
48181001200,20.5
48181001300,14.8
48181001400,20.2
48181001500,23.6
48181001700,18.6
48181001801,27.2
48181001802,38
48181001803,32.4
48181001900,30.2
48181002000,20.6
48183000200,18.9
48183000300,15.6
48183000401,20.2
48183000402,17.5
48183000501,18.9
48183000502,22.2
48183000600,20.4
48183000700,16.9
48183000800,20.9
48183000900,23.2
48183001000,16.6
48183001100,18.5
48183001200,24.4
48183001300,16.4
48183001400,18.5
48183001500,16.4
48183010100,21.9
48183010200,25.6
48183010301,21.3
48183010302,21.4
48183010400,22.8
48183010500,23.5
48183010600,16.5
48183010700,21.6
48183980000,-
48185180101,22
48185180102,52.7
48185180200,24.7
48185180301,33.7
48185180302,42
48185180400,5.6
48187210100,19
48187210200,17.1
48187210300,20.6
48187210400,20.3
48187210504,22.9
48187210505,23.8
48187210506,26.3
48187210507,27.1
48187210508,20.5
48187210603,24.8
48187210604,32.6
48187210606,25.1
48187210607,29.6
48187210608,33.2
48187210705,24
48187210706,19.2
48187210707,28.6
48187210708,26.3
48187210709,22.3
48187210710,24.7
48187210711,27.2
48187210712,25.1
48187210713,29.6
48187210714,26.7
48187210801,21.8
48187210803,28.1
48187210804,28.3
48187210901,26.2
48187210902,24.3
48189950100,14.9
48189950200,13.2
48189950300,12
48189950400,12.8
48189950500,12.1
48189950600,17.9
48189950700,16.5
48189950800,25.4
48189950900,19.3
48191950500,15.7
48193950100,23.6
48193950200,33.9
48193950300,13
48195950100,17.5
48195950300,16.5
48197950100,15.1
48199030100,37.9
48199030200,30.5
48199030300,30.2
48199030400,28
48199030501,24.8
48199030502,21.4
48199030600,24.7
48199030700,23.5
48199030800,29.8
48199030900,30.1
48199031000,32.6
48201100000,16.3
48201210100,N
48201210400,25.1
48201210500,25
48201210600,25.4
48201210700,28.2
48201210800,35
48201210900,32.5
48201211000,25.6
48201211100,40.9
48201211200,31.8
48201211300,32.6
48201211400,24
48201211500,24.8
48201211600,35.3
48201211700,28.6
48201211900,27.4
48201212300,28.4
48201212400,23.8
48201212500,25.4
48201220100,31.7
48201220200,26
48201220300,25.4
48201220400,31.4
48201220500,27.9
48201220600,27.4
48201220700,24.5
48201220800,28.8
48201220900,29
48201221000,25.6
48201221100,30.1
48201221200,28.9
48201221300,29.5
48201221400,28.3
48201221500,27.4
48201221600,30.5
48201221700,31
48201221800,27.2
48201221900,34
48201222000,24.5
48201222100,31.3
48201222200,25.7
48201222300,32.9
48201222401,24.3
48201222402,26.6
48201222501,36.5
48201222502,27.2
48201222503,26.4
48201222600,32.4
48201222700,25.1
48201222800,27.6
48201222900,30.3
48201223001,27.9
48201223002,28.5
48201223100,29.4
48201230100,33.6
48201230200,26.4
48201230300,32.4
48201230400,35.2
48201230500,25.6
48201230600,26.3
48201230700,31.8
48201230800,33.1
48201230900,24.3
48201231000,34.7
48201231100,31.3
48201231200,31.9
48201231300,30.6
48201231400,29.3
48201231500,29
48201231600,33.7
48201231700,27.8
48201231800,26.8
48201231900,31.9
48201232000,31.5
48201232100,32.8
48201232200,30.4
48201232301,26.3
48201232302,34.5
48201232401,26
48201232402,31.2
48201232403,26.8
48201232500,27.4
48201232600,26
48201232701,23
48201232702,26
48201232800,25.3
48201232900,25.7
48201233001,23.2
48201233002,23.1
48201233003,32.6
48201233101,25.8
48201233102,26.6
48201233103,23.2
48201233200,25.5
48201233300,25.2
48201233400,25
48201233500,25.2
48201233600,30.7
48201233701,21.4
48201233702,28.7
48201233703,24.5
48201240100,27.7
48201240400,34.4
48201240501,27.5
48201240502,30.7
48201240600,28.5
48201240701,28.7
48201240702,29.2
48201240801,24.8
48201240802,32
48201240901,31.4
48201240902,25.8
48201241000,31.4
48201241101,29.1
48201241102,30.6
48201241103,33.4
48201241200,33.9
48201241300,27.2
48201241400,26.4
48201241500,27.7
48201250100,27
48201250200,31.2
48201250301,29.7
48201250302,32
48201250401,33
48201250402,32.8
48201250500,29.3
48201250600,26.1
48201250701,27.4
48201250702,32.4
48201250800,30.8
48201250900,36.2
48201251000,28.5
48201251100,30.5
48201251200,30.1
48201251300,31.7
48201251401,29.9
48201251402,31
48201251501,34.2
48201251502,38.3
48201251503,32.8
48201251600,40.3
48201251700,33.4
48201251800,31
48201251901,31.6
48201251902,37
48201252000,32.2
48201252100,28.4
48201252200,25.6
48201252301,24.1
48201252302,27.4
48201252400,28.2
48201252500,19.1
48201252600,24.7
48201252700,25.1
48201252800,25.9
48201252900,26.6
48201253000,24.7
48201253100,23.3
48201253200,26.1
48201253300,27.1
48201253400,26.6
48201253500,24.6
48201253600,24.3
48201253700,25.8
48201253800,20.7
48201253900,23.7
48201254000,26.9
48201254100,22.1
48201254200,24.1
48201254300,20.6
48201254400,25.5
48201254500,22.6
48201254600,18.7
48201254700,25.8
48201310100,23.8
48201310200,20.5
48201310300,24
48201310400,27.4
48201310500,25.3
48201310600,22.2
48201310700,21.4
48201310800,21.7
48201310900,24.2
48201311000,26.1
48201311100,27.5
48201311200,25.6
48201311300,26.3
48201311400,24.2
48201311500,30
48201311600,27.4
48201311700,23.6
48201311800,24.5
48201311900,25
48201312000,20.6
48201312100,16.8
48201312200,29
48201312300,20.7
48201312400,31.4
48201312500,20.6
48201312600,16.2
48201312700,29.4
48201312800,19.2
48201312900,23.6
48201313000,21.4
48201313100,17.5
48201313200,20
48201313300,21.9
48201313400,24.1
48201313500,26.9
48201313600,25
48201313700,25.9
48201313800,30.2
48201313900,17.6
48201314001,23.4
48201314002,21
48201314300,19.9
48201314400,20.7
48201320100,25.6
48201320200,28.4
48201320500,26.2
48201320601,23.5
48201320602,27.6
48201320700,26.1
48201320800,22.7
48201320900,28.7
48201321000,30.6
48201321100,25.9
48201321200,27.6
48201321300,24.4
48201321401,28.3
48201321402,27.5
48201321500,21.9
48201321600,24.6
48201321700,26.1
48201321800,24.7
48201321900,25.3
48201322000,26.6
48201322100,25.5
48201322200,28.2
48201322600,24.4
48201322700,28
48201322800,25.7
48201322900,23.1
48201323000,24.5
48201323100,26.7
48201323200,22.4
48201323300,22.4
48201323400,25.3
48201323500,24.4
48201323600,30
48201323701,21.6
48201323702,21.5
48201323801,22.5
48201323802,22.7
48201323900,18.8
48201324000,23.9
48201324100,25.8
48201324200,32.8
48201330100,30.9
48201330200,29.3
48201330301,31.9
48201330302,29.3
48201330303,25
48201330400,31.1
48201330500,28.8
48201330600,29.5
48201330700,27.9
48201330800,28.1
48201330900,26.6
48201331100,20.7
48201331200,29.7
48201331300,25.6
48201331400,33.5
48201331500,30
48201331601,28.9
48201331602,31.1
48201331700,27.5
48201331800,27.2
48201331900,25.2
48201332000,24.8
48201332100,23.6
48201332200,29.7
48201332300,29.1
48201332400,34.2
48201332500,26.2
48201332600,28.8
48201332700,26.5
48201332800,23.9
48201332900,24.3
48201333000,29.5
48201333100,28.8
48201333201,29.5
48201333202,28.6
48201333300,26
48201333500,28.6
48201333600,25.8
48201333700,26.9
48201333800,31.6
48201333901,25.8
48201333902,31.6
48201334001,27.7
48201334002,26.5
48201334003,26.5
48201334100,24
48201340100,27.6
48201340201,25
48201340202,25.1
48201340203,23.6
48201340301,27.4
48201340302,28.8
48201340400,24.4
48201340500,21.3
48201340600,25.1
48201340700,22.1
48201340800,23
48201340900,22.7
48201341000,24.2
48201341100,22.4
48201341201,24.8
48201341202,23.7
48201341301,19.1
48201341302,22.5
48201341400,26.3
48201341501,25.5
48201341502,27.3
48201341600,28.7
48201341700,29.2
48201341800,25.8
48201342001,27.6
48201342002,25.2
48201342100,25.9
48201342200,23.2
48201342300,26.4
48201342400,23.9
48201342500,21.1
48201342700,20.8
48201342800,22.9
48201342900,23.3
48201343000,26.7
48201343100,27.8
48201343200,24.6
48201343301,22.3
48201343302,25.7
48201343600,23
48201343700,17.7
48201350100,28.5
48201350200,31.4
48201350300,34.7
48201350400,29.2
48201350500,32.8
48201350601,28
48201350602,28.6
48201350700,30
48201350801,25.8
48201350802,24.7
48201410100,21.8
48201410200,17.8
48201410300,20.3
48201410401,17
48201410402,20.3
48201410500,20.4
48201410600,18.7
48201410701,19.4
48201410702,17.8
48201410800,18.7
48201410900,19.6
48201411000,19.9
48201411100,18.6
48201411200,16.4
48201411300,19.6
48201411400,18.4
48201411501,18.2
48201411502,20.2
48201411600,18.3
48201411700,19.2
48201411800,19.4
48201411900,20.3
48201412000,15.3
48201412100,13.3
48201412200,17.3
48201412300,17.4
48201412400,17.5
48201412500,18.5
48201412600,18
48201412700,16.5
48201412800,20.9
48201412900,20.2
48201413000,20.9
48201413100,19.7
48201413201,22.2
48201413202,24.5
48201413300,20.3
48201420100,23.8
48201420200,25.1
48201420300,23.5
48201420400,21
48201420500,28.8
48201420600,24.3
48201420700,22.3
48201420800,20.6
48201420900,20.3
48201421000,19.4
48201421101,23.2
48201421102,30.3
48201421201,27.1
48201421202,33.9
48201421300,30.5
48201421401,30.7
48201421402,23.2
48201421403,32
48201421500,24.4
48201421600,26.2
48201421700,24.6
48201421800,25.4
48201421900,22.1
48201422000,26.9
48201422100,29.1
48201422200,29.9
48201422301,26.1
48201422302,30.6
48201422401,33.5
48201422402,25.6
48201422500,28.5
48201422600,24.9
48201422701,25.4
48201422702,24.9
48201422800,25.1
48201422900,28
48201423000,26.6
48201423100,32
48201423201,25.4
48201423202,28.4
48201423301,30.2
48201423302,28
48201423401,24.8
48201423402,29.1
48201423500,28.4
48201423600,25.1
48201430100,20.3
48201430200,18.9
48201430300,19
48201430400,19.2
48201430500,18.1
48201430600,20.7
48201430700,22.7
48201430800,23
48201430900,22.3
48201431000,23.1
48201431101,22.7
48201431102,21.5
48201431201,27.5
48201431202,22.6
48201431301,21.2
48201431302,18.9
48201431401,21.9
48201431402,19.3
48201431501,20.6
48201431502,19.5
48201431600,19.1
48201431700,18.8
48201431801,26.5
48201431802,18.7
48201431900,19.1
48201432001,19.7
48201432002,25
48201432100,26.3
48201432200,19.9
48201432300,25.7
48201432400,29.5
48201432500,28.5
48201432600,25.2
48201432701,28.4
48201432702,19.7
48201432801,27.3
48201432802,31.3
48201432901,26.6
48201432902,27.7
48201433001,26
48201433002,23.4
48201433003,25.3
48201433100,23.6
48201433201,24.5
48201433202,23.4
48201433300,22.3
48201433400,26.3
48201433501,26.7
48201433502,24
48201433600,27.3
48201440100,25.9
48201450100,20.2
48201450200,24.2
48201450300,23.8
48201450400,22
48201450500,28.1
48201450600,23.2
48201450700,20.7
48201450801,24.1
48201450802,24.2
48201450900,24.6
48201451001,28
48201451002,26.8
48201451100,30.9
48201451200,24.9
48201451300,27.9
48201451401,20.8
48201451402,28.1
48201451403,23.9
48201451500,22.5
48201451601,29.3
48201451602,25.9
48201451700,34.5
48201451800,27.5
48201451901,28.3
48201451902,24.6
48201452000,25
48201452100,25.9
48201452201,22.7
48201452202,27.1
48201452300,25
48201452400,29
48201452500,32.8
48201452600,29
48201452700,30.8
48201452801,27.6
48201452802,27.5
48201452900,27.9
48201453000,26.8
48201453100,27.8
48201453200,27.7
48201453300,28.7
48201453401,23.4
48201453402,28
48201453403,34.1
48201453501,28.5
48201453502,26.2
48201453601,30.7
48201453602,30.6
48201453700,31.3
48201453800,27.9
48201453900,29.5
48201454000,32.5
48201454100,29.6
48201454200,41.2
48201454301,32.5
48201454302,29.4
48201454400,21.6
48201454501,29.2
48201454502,28.3
48201454600,26.7
48201454700,25.2
48201454800,31.4
48201454900,32.4
48201455000,29.8
48201455101,30.7
48201455102,34.9
48201455200,28.3
48201455300,32.1
48201510100,24.3
48201510200,19.8
48201510300,22.8
48201510400,20.7
48201510500,20.8
48201510600,22.4
48201510700,22.6
48201510800,19.6
48201510900,20.5
48201511001,21
48201511002,19.6
48201511100,23.6
48201511200,21.1
48201511301,20.2
48201511302,25.4
48201511400,22.6
48201511500,22.6
48201511600,20.4
48201520100,22.7
48201520200,18.8
48201520300,29.5
48201520400,24.5
48201520500,25
48201520601,22.1
48201520602,21.2
48201520700,21.1
48201521000,23.6
48201521100,22.6
48201521200,24
48201521300,23.8
48201521400,25.3
48201521500,24.9
48201521600,26.9
48201521700,26.2
48201521800,27.6
48201521900,23.5
48201522000,21.8
48201522100,28.6
48201522201,22.5
48201522202,21.8
48201522301,23.5
48201522302,22
48201522401,26.2
48201522402,24.6
48201522500,21.4
48201530100,24.1
48201530200,20.5
48201530300,24
48201530400,21.5
48201530500,31.6
48201530600,26.6
48201530700,26.3
48201530800,25.9
48201530900,21.6
48201531000,23.3
48201531100,23.2
48201531200,29.7
48201531300,24.4
48201531400,22.6
48201531500,24.2
48201531600,27.4
48201531700,24
48201531800,26.5
48201531900,28.4
48201532001,28
48201532002,21.1
48201532100,25.7
48201532200,29.6
48201532300,26
48201532400,27.8
48201532501,26.9
48201532502,25.6
48201532600,29
48201532700,29
48201532800,29.7
48201532900,31.2
48201533000,30.6
48201533100,35.3
48201533200,28.4
48201533300,31
48201533400,28.4
48201533500,25.5
48201533600,30.1
48201533701,28.5
48201533702,36.2
48201533801,32.4
48201533802,26
48201533901,32.5
48201533902,27.9
48201534001,30.4
48201534002,34.3
48201534003,25.7
48201534100,25.6
48201534201,22.5
48201534202,25.8
48201534203,25.4
48201540100,26.9
48201540200,25.6
48201540501,25.2
48201540502,32.4
48201540601,33.6
48201540602,27.6
48201540700,28.9
48201540800,28
48201540901,32.6
48201540902,34
48201541001,31.4
48201541002,33.3
48201541003,37.4
48201541100,32.5
48201541201,34.5
48201541202,32
48201541203,32.7
48201541300,30
48201541400,35.1
48201541500,36.8
48201541601,31.9
48201541602,33
48201541700,27.9
48201541800,27.1
48201541900,31.3
48201542000,30
48201542101,34.2
48201542102,37.1
48201542200,34.7
48201542301,31.8
48201542302,32
48201542400,29.1
48201542500,29
48201542600,31.6
48201542700,30.2
48201542800,26.1
48201542900,33
48201543001,37.6
48201543002,31.4
48201543003,35.7
48201543100,35.9
48201543200,22.9
48201550100,28.8
48201550200,25.1
48201550301,24.2
48201550302,27.4
48201550401,29.3
48201550402,28.2
48201550500,26.8
48201550601,27.2
48201550602,23.4
48201550603,29.1
48201550700,28
48201550800,31.2
48201550900,29.9
48201551000,26.1
48201551100,31.2
48201551200,27.1
48201551300,30.4
48201551400,30.2
48201551500,25.7
48201551600,25.7
48201551701,28.8
48201551702,27.4
48201551703,27.4
48201551800,29.1
48201551900,21.2
48201552001,28.3
48201552002,30
48201552101,25.5
48201552102,30.7
48201552103,28.5
48201552200,29.6
48201552301,28.3
48201552302,23.4
48201552400,27.2
48201552500,30.4
48201552601,30.1
48201552602,28.3
48201552700,28.1
48201552800,32.1
48201552900,29.1
48201553001,30.3
48201553002,28.2
48201553100,32.7
48201553200,29.4
48201553300,33.4
48201553401,31.9
48201553402,30.3
48201553403,29
48201553500,34
48201553600,24.6
48201553700,32.3
48201553801,33.7
48201553802,30.9
48201553900,30.2
48201554001,31.5
48201554002,31.3
48201554101,32.6
48201554102,33.3
48201554200,32.4
48201554301,27.1
48201554302,29.2
48201554401,35.9
48201554402,30.4
48201554403,34.3
48201554501,32
48201554502,32.7
48201554600,27.1
48201554700,26
48201554801,32.6
48201554802,35.3
48201554901,36.2
48201554902,35
48201554903,30.4
48201555000,33.5
48201555100,29.5
48201555200,29.3
48201555301,51.6
48201555302,35.9
48201555303,32.3
48201555401,25.9
48201555402,28.4
48201555501,32.1
48201555502,34.3
48201555600,40.6
48201555701,35.6
48201555702,37.7
48201556000,34.6
48201980000,N
48201980100,23.7
48203020102,29.8
48203020103,27.2
48203020104,22.1
48203020200,31.1
48203020301,17.9
48203020302,21.2
48203020401,19.1
48203020402,15.4
48203020501,14.8
48203020502,17.7
48203020603,23.1
48203020604,19.4
48203020605,24.3
48203020606,21.5
48205950200,12.8
48207950300,14.6
48207950400,15.9
48209010100,18.1
48209010200,15.5
48209010302,18.5
48209010303,19.9
48209010304,20.1
48209010400,19.8
48209010500,18.4
48209010600,25.5
48209010701,26.6
48209010702,27
48209010803,32.1
48209010804,30.7
48209010805,38.2
48209010806,37
48209010807,28.7
48209010808,40.1
48209010809,33.1
48209010901,31.9
48209010902,31.8
48209010905,32.4
48209010906,35.3
48209010907,34.6
48209010908,35.1
48209010909,32.9
48209010910,30.2
48211950300,17.2
48213950100,28.3
48213950200,31.8
48213950300,28.9
48213950400,24
48213950500,30.5
48213950601,31.8
48213950602,29.7
48213950700,35.7
48213950800,48.1
48213950901,34.7
48213950902,25.3
48213950903,49.4
48213951000,25.7
48213951100,31.3
48213951200,16.6
48213951300,16.3
48213951400,30.7
48215020101,29.4
48215020102,23.3
48215020201,26.1
48215020202,23.1
48215020204,33.4
48215020205,18.2
48215020301,18.3
48215020302,21.1
48215020402,20.6
48215020403,25.4
48215020404,27.2
48215020501,16.7
48215020503,17.8
48215020504,18.4
48215020600,17.2
48215020701,22.8
48215020721,22.1
48215020723,18.2
48215020724,18.2
48215020725,29.8
48215020726,26.3
48215020802,13
48215020803,24
48215020804,16.4
48215020901,22.7
48215020903,15.5
48215020904,16.8
48215021000,16.8
48215021100,17.1
48215021201,13.9
48215021202,13.8
48215021302,22.3
48215021303,24
48215021304,24.5
48215021305,21.8
48215021401,14.8
48215021403,19.8
48215021404,20.5
48215021500,19.8
48215021600,18
48215021701,16.1
48215021702,20.4
48215021803,17.5
48215021804,15.6
48215021805,20.6
48215021806,18.3
48215021901,23.2
48215021903,19.4
48215021904,17.4
48215022001,19.1
48215022003,24.6
48215022004,23.8
48215022103,17.3
48215022104,19.2
48215022105,16
48215022106,21.1
48215022201,21.7
48215022203,19.2
48215022204,23.2
48215022300,19.3
48215022401,16.1
48215022402,22
48215022501,29.9
48215022502,25.7
48215022600,15.7
48215022701,19
48215022702,18.3
48215022800,21.7
48215022900,19.1
48215023000,18.5
48215023102,20.7
48215023103,20.8
48215023104,25.4
48215023503,24
48215023504,21.7
48215023507,24.1
48215023509,24.2
48215023510,25.8
48215023511,27.6
48215023512,16.3
48215023513,26.2
48215023514,21.1
48215023515,23.7
48215023600,20.4
48215023700,18.2
48215023801,19
48215023802,18.6
48215023902,17.3
48215023903,18.7
48215023904,18.1
48215024000,19.4
48215024105,22.8
48215024106,22.9
48215024107,21.9
48215024108,19.9
48215024109,19.4
48215024110,35.4
48215024111,29.4
48215024112,27.4
48215024113,26
48215024114,27
48215024201,26.6
48215024203,23.8
48215024204,20.2
48215024205,24.4
48215024301,22.1
48215024302,34.6
48215024402,24.2
48215024403,22.1
48215024404,25.8
48215024500,22.9
48215024600,22.6
48215980000,-
48217960100,33.4
48217960200,36.1
48217960400,49.9
48217960500,31.9
48217960600,28.5
48217960700,27.7
48217960800,17.2
48217960900,19.3
48217961000,21.1
48217961100,26.9
48217961400,30
48219950100,26.3
48219950200,21.2
48219950300,21.4
48219950400,15.4
48219950500,16.4
48219950600,24.8
48219950700,22.8
48221160100,17.5
48221160204,33.9
48221160205,33
48221160206,27.5
48221160207,39.3
48221160208,36.4
48221160209,34.3
48221160210,45.6
48221160301,24.9
48221160302,33.7
48223950100,28.5
48223950200,27.7
48223950300,20.2
48223950401,16.3
48223950402,16.3
48223950500,17
48223950600,13.9
48223950700,25.6
48223950800,24
48225950100,31.8
48225950200,21.9
48225950300,17
48225950400,17.5
48225950500,20.9
48225950600,35
48225950700,29.3
48227950100,18.4
48227950200,22
48227950300,11.5
48227950400,16.6
48227950500,13.6
48227950600,14.4
48227950700,11.2
48227950801,19.6
48227950802,17.1
48227950900,17
48229950300,25.3
48231960100,26.4
48231960200,24.1
48231960300,35.5
48231960400,29.8
48231960500,22.3
48231960600,14.7
48231960700,35.8
48231960800,17.6
48231960900,19.4
48231961000,22.5
48231961100,23.8
48231961200,13.7
48231961300,24.4
48231961400,37.6
48231961501,39.6
48231961502,39
48231961503,33.6
48231961600,37.7
48231961700,46.9
48233950200,22.2
48233950500,27.6
48233950600,20.8
48233950700,19.4
48233950800,9.6
48233950900,13.3
48233951000,16.1
48235950100,22.8
48237950100,27.2
48237950300,20.8
48237950500,37.8
48239950100,24
48239950200,25.8
48239950300,21.9
48241950100,23.1
48241950200,16.9
48241950300,16.7
48241950400,23.6
48241950500,40.2
48241950600,25.6
48241950700,36.5
48241950800,29.4
48243950100,20.5
48245000101,20.4
48245000102,17.5
48245000103,15.7
48245000200,20.4
48245000302,19.5
48245000304,18.1
48245000306,15.2
48245000307,17
48245000308,19
48245000309,19.1
48245000310,16.4
48245000400,16.6
48245000500,14.7
48245000600,18.4
48245000700,28.7
48245000900,21.8
48245001100,18.3
48245001200,14.5
48245001301,15.8
48245001302,18.5
48245001303,17.3
48245001700,18.8
48245001900,21.4
48245002000,16.8
48245002100,17.3
48245002200,19
48245002300,16.6
48245002400,17.9
48245002500,21.2
48245002600,17
48245005100,31.5
48245005400,20.2
48245005500,19
48245005600,18.9
48245005900,20.1
48245006100,17.7
48245006300,18.1
48245006400,25.1
48245006500,18.9
48245006600,19.1
48245006700,22.3
48245006800,19.7
48245006900,19.9
48245007001,17
48245007002,16.7
48245007100,18.7
48245010100,27.3
48245010200,20.4
48245010300,16.4
48245010400,19.8
48245010500,21.1
48245010600,16.4
48245010700,19.7
48245010800,20.6
48245010901,23.4
48245010902,16.6
48245011001,15.5
48245011002,17.4
48245011101,16.9
48245011102,12.8
48245011201,17.8
48245011202,-
48245011203,-
48245011302,-
48245011303,30.9
48245011304,26.4
48245011400,23.9
48245011500,23.3
48245011600,28.1
48245011700,17.7
48245011800,17.6
48245980000,15.8
48245990000,-
48247950200,27.1
48247950400,28.7
48249950100,35.1
48249950200,22.6
48249950300,18
48249950400,20.3
48249950500,20.4
48249950600,26.6
48249950700,22.4
48251130100,34.6
48251130204,28.1
48251130205,24.6
48251130207,28.5
48251130208,27.6
48251130210,31
48251130211,29.8
48251130212,35.7
48251130213,37.6
48251130214,30.3
48251130215,33.2
48251130302,22.4
48251130303,32.2
48251130304,24.3
48251130405,29.1
48251130406,32.4
48251130407,31.7
48251130408,31.6
48251130409,34.3
48251130410,33.8
48251130500,34.2
48251130601,33.2
48251130602,32
48251130700,29.3
48251130800,18.8
48251130900,22.4
48251131000,24.3
48251131100,23
48253020101,22.2
48253020102,-
48253020200,20.8
48253020300,24.5
48253020400,21.9
48253020500,25.7
48255970100,31.8
48255970200,16.9
48255970300,18.4
48255970400,22.4
48257050201,31.7
48257050203,35.5
48257050204,30.5
48257050205,34.3
48257050206,32.6
48257050300,23.7
48257050400,24.9
48257050500,18
48257050600,25.2
48257050701,34.6
48257050703,42.4
48257050704,37.3
48257050800,36.3
48257051000,27.7
48257051100,26
48257051201,35.4
48257051202,39.2
48257051300,33
48259970100,23.1
48259970301,20.1
48259970302,29
48259970401,29.3
48259970402,32.9
48259970500,25.3
48261950100,17.7
48261990000,-
48263950100,10.5
48265960100,23.3
48265960200,18.3
48265960301,27.8
48265960302,19.7
48265960401,23.4
48265960402,18.1
48265960500,14.2
48265960600,14.1
48265960700,19.9
48265960800,24.8
48267950100,20.1
48267950200,14
48269950100,11.2
48271950100,21.8
48273020100,20.3
48273020200,14.1
48273020300,14.9
48273020400,15.4
48273020500,17.8
48273990000,-
48275950100,16.3
48275950200,13.1
48277000101,26.4
48277000102,28.1
48277000200,23.7
48277000300,25.6
48277000401,16.8
48277000402,16.8
48277000500,12.9
48277000600,16.7
48277000700,15
48277000800,12.9
48277000900,18.5
48277001000,16.1
48279950100,14.9
48279950200,16.6
48279950300,15.3
48279950500,15
48279950600,12.6
48281950100,27
48281950301,31.9
48281950302,30.6
48281950400,23.3
48281950500,24.5
48283950300,27.6
48285000100,42.5
48285000200,24.5
48285000300,24.4
48285000400,23.1
48285000500,31
48285000600,15.5
48287000100,37.6
48287000200,27.9
48287000300,19.6
48287000400,22.3
48289950100,21.9
48289950200,26.9
48289950300,25.2
48291700100,30.5
48291700200,25.9
48291700300,34.9
48291700400,39.2
48291700500,43.4
48291700600,35.3
48291700700,28.3
48291700800,38.6
48291700900,35.3
48291701000,37.9
48291701100,34.4
48291701200,23.6
48291701300,28.7
48291701400,31.5
48293970100,24.9
48293970200,18.5
48293970300,12.4
48293970400,21.5
48293970500,15
48293970600,22.6
48293970700,36
48293970800,23.8
48295950200,18.2
48295950300,21.5
48297950100,20.3
48297950200,22.7
48297950300,32
48297950400,42.7
48299970100,22.9
48299970200,17.7
48299970300,31.5
48299970400,19.1
48299970500,27.3
48299970600,29.5
48301950100,24.5
48303000100,14.1
48303000201,15.8
48303000202,15
48303000301,11.7
48303000302,16.2
48303000402,16.5
48303000403,13.3
48303000404,17.2
48303000405,14
48303000500,11
48303000603,12.3
48303000605,12.5
48303000607,13.3
48303000700,18.8
48303000900,14.8
48303001000,17.7
48303001200,16.6
48303001300,17.6
48303001400,14.9
48303001501,13
48303001502,13.4
48303001601,16.5
48303001602,14.1
48303001702,13.1
48303001705,16.1
48303001706,15.1
48303001707,16.3
48303001708,13.6
48303001709,12.8
48303001801,16.1
48303001803,14.7
48303001804,13.9
48303001901,13.7
48303001903,14.4
48303001904,11.8
48303002001,13
48303002002,14.5
48303002101,15.7
48303002102,14.7
48303002202,14.3
48303002203,14
48303002204,15.5
48303002300,17.5
48303002400,14.1
48303002500,19.5
48303010101,20.1
48303010102,18.7
48303010200,19.4
48303010301,20.7
48303010302,18.7
48303010402,15.3
48303010403,14.7
48303010404,20.2
48303010405,17.8
48303010406,18.1
48303010407,17.1
48303010408,18.6
48303010502,14.1
48303010504,18.3
48303010505,15.6
48303010506,16.9
48303010508,19.1
48303010509,16.8
48303010510,15.1
48303010511,16.9
48303010600,25.2
48303010700,22.8
48303980000,-
48305950400,24.8
48305950500,14.9
48305950600,22.7
48307950300,17
48307950400,16.6
48307950500,20.5
48309000100,19.3
48309000200,12.2
48309000300,10
48309000400,11.3
48309000598,17.6
48309000700,14.7
48309000800,18.5
48309000900,17.6
48309001000,18.9
48309001100,19.3
48309001200,19
48309001300,14.7
48309001400,19.3
48309001500,16.8
48309001600,16.4
48309001700,17
48309001800,15.2
48309001900,12.7
48309002000,16
48309002100,19.2
48309002302,16
48309002498,14.4
48309002501,16.5
48309002503,14.6
48309002504,16.2
48309002600,15.8
48309002700,18.2
48309002800,15.2
48309002900,21.2
48309003000,19.6
48309003200,19.2
48309003300,21.1
48309003400,20.2
48309003500,24.3
48309003601,25
48309003602,22.9
48309003701,18.3
48309003703,20.9
48309003706,20.4
48309003707,16
48309003708,20.1
48309003801,22.7
48309003802,25.8
48309003900,20.7
48309004000,24.2
48309004102,24.2
48309004103,21
48309004201,21
48309004202,29.5
48309004300,16
48309980000,-
48311950100,12.4
48313000100,21.4
48313000200,36.3
48313000300,41.4
48313000400,17.4
48315950100,32.2
48315950200,31.9
48315950300,32.1
48315950400,19.8
48317950100,18.7
48317950200,18
48319950100,14.8
48319950200,22
48321730100,24.2
48321730201,22.8
48321730202,26.7
48321730301,17.2
48321730302,19.2
48321730303,26.2
48321730400,19
48321730501,25
48321730600,25.6
48321730700,25.6
48321990000,-
48323950201,22.4
48323950204,29.6
48323950205,19.4
48323950300,18.1
48323950400,13.5
48323950500,16.9
48323950601,21.1
48323950602,15.8
48323950700,24.5
48325000101,34.8
48325000102,33.2
48325000200,19.6
48325000300,25.6
48325000401,35.4
48325000402,33.4
48325000500,21.4
48325000800,25.7
48327950300,20.6
48329000100,17
48329000200,17.6
48329000302,17.8
48329000303,14.6
48329000304,16.8
48329000305,15.9
48329000401,17.8
48329000402,16.8
48329000500,16.6
48329000600,13.9
48329001100,17.7
48329001200,18.6
48329001300,16.2
48329001400,15.7
48329001500,14.1
48329001700,18.6
48329010104,19.3
48329010105,19.9
48329010106,20.9
48329010107,21.6
48329010108,16.1
48329010109,24.9
48329010112,19.8
48329010113,26.2
48329010114,18
48329010200,22.4
48329980000,-
48331950100,22.2
48331950300,29.3
48331950401,21.7
48331950402,16.2
48331950500,32.5
48331950700,26
48331950800,30
48333950100,23.9
48333950200,13.9
48335950200,22.3
48335950400,22.9
48337950100,28.3
48337950200,29.3
48337950300,19.5
48337950400,26.6
48337950500,21.6
48337950600,34.7
48339690100,40.8
48339690201,35.8
48339690202,35.6
48339690300,35.2
48339690401,33.5
48339690402,32.9
48339690500,39.3
48339690601,32.8
48339690602,31.8
48339690700,31.5
48339690800,29
48339690900,34.8
48339691000,30.3
48339691100,28.3
48339691200,29.3
48339691301,36.3
48339691302,32.1
48339691400,24.3
48339691500,27
48339691601,29.4
48339691602,24.5
48339691700,24.8
48339691800,25.4
48339691900,31.3
48339692001,34.8
48339692002,37.7
48339692100,28.9
48339692200,36.4
48339692300,26.3
48339692400,27.6
48339692500,28.9
48339692601,40.3
48339692602,30.1
48339692700,32.8
48339692801,34.1
48339692802,35.7
48339692900,41.3
48339693000,36.6
48339693101,28.1
48339693102,23.6
48339693200,30.3
48339693300,21.6
48339693400,22.7
48339693500,21.7
48339693600,22.1
48339693700,28.9
48339693800,23.5
48339693900,29.6
48339694000,35.7
48339694101,26.3
48339694102,27.3
48339694201,32.9
48339694202,33.4
48339694301,37.9
48339694302,34.8
48339694400,32.5
48339694500,40.8
48339694600,38.8
48339694700,33.8
48341950100,20.2
48341950200,13.3
48341950300,16
48341950400,18.8
48343950100,23.7
48343950200,23.6
48343950300,21
48345950100,17.8
48347950100,28.3
48347950200,23.3
48347950301,18.7
48347950302,20.8
48347950400,19.1
48347950501,17.2
48347950502,18.2
48347950600,12.3
48347950700,18.8
48347950800,14.6
48347950900,14.8
48347951000,13.5
48347951100,25.6
48349970100,31.8
48349970200,16.7
48349970300,22.4
48349970400,31.7
48349970500,17
48349970600,28
48349970700,30.3
48349970800,11.4
48349970900,21.3
48349971000,32.7
48351950100,32.3
48351950200,34.6
48351950300,49.5
48351950400,25.3
48353950100,17.9
48353950200,12.2
48353950300,16.5
48353950400,19.1
48353950500,21.5
48355000500,30.8
48355000600,14.2
48355000700,21.5
48355000800,16.8
48355000900,21.5
48355001000,19.1
48355001100,21.4
48355001200,15.6
48355001300,14.7
48355001400,16.2
48355001500,18.9
48355001601,18.3
48355001602,18.6
48355001701,17.7
48355001702,18.5
48355001801,16.5
48355001802,17.8
48355001902,19.4
48355001903,18.2
48355001904,16.4
48355002001,16
48355002002,16.1
48355002101,25
48355002102,15.4
48355002200,23.9
48355002301,16.7
48355002303,15.9
48355002304,17.1
48355002400,15.9
48355002500,16.6
48355002601,15.7
48355002602,16.3
48355002603,17.5
48355002703,17.2
48355002704,19.6
48355002705,15.3
48355002706,13.3
48355002900,12.3
48355003001,22.5
48355003002,18
48355003101,21
48355003102,18.6
48355003202,22.6
48355003203,21.1
48355003204,18.5
48355003303,21.7
48355003304,18.6
48355003305,22
48355003306,17.7
48355003401,17.1
48355003402,16.3
48355003500,17.1
48355003601,22.1
48355003602,23
48355003603,20
48355003700,24.2
48355005102,17.5
48355005404,19.2
48355005406,23
48355005407,16.9
48355005408,23.9
48355005409,19.4
48355005410,19.7
48355005411,22.6
48355005412,23.6
48355005413,22.1
48355005414,22.8
48355005415,24.6
48355005416,19
48355005417,23.1
48355005601,21.3
48355005602,21.8
48355005801,27.8
48355005802,26.6
48355005900,25.6
48355006000,22
48355006100,20.4
48355006200,19.6
48355006300,18.7
48355006400,21.8
48355980000,N
48355990000,-
48357950100,17.8
48357950300,17.7
48357950400,18
48359950100,17.6
48361020200,16.6
48361020300,27.9
48361020500,22.9
48361020700,24
48361020800,18.7
48361020900,18.3
48361021000,20.5
48361021100,24.7
48361021200,25.9
48361021300,19
48361021400,24.9
48361021501,29.4
48361021502,28
48361021600,29.3
48361021700,21.6
48361021800,23.4
48361021900,23.9
48361022000,23.9
48361022200,21.5
48361022300,19.6
48361022400,18.4
48363000100,26.8
48363000200,28.5
48363000300,33.9
48363000400,26.9
48363000500,23.2
48363000600,16.8
48363000700,17.4
48363000800,18.2
48363000900,14.9
48365950100,27.8
48365950200,25.1
48365950300,26.1
48365950400,17.6
48365950500,30.8
48365950600,30.2
48367140101,25.3
48367140102,25.6
48367140200,19.7
48367140300,23.7
48367140403,33
48367140405,37.6
48367140407,31.2
48367140408,33.9
48367140409,38.7
48367140410,44.3
48367140411,35.3
48367140501,37.1
48367140502,30.5
48367140601,32.3
48367140602,31.5
48367140703,25.2
48367140704,30.4
48367140705,28
48367140706,32.3
48369950200,13.5
48369950300,16.4
48371950100,16.5
48371950300,18.3
48371950400,14.3
48371950500,19.6
48373210101,19.5
48373210102,26.1
48373210203,21.9
48373210204,26.6
48373210205,30.1
48373210206,28
48373210301,32.5
48373210302,31
48373210400,25.5
48373210500,22.2
48375010100,15.3
48375010200,16.4
48375010300,16
48375010400,14.9
48375010600,15.2
48375010700,17.8
48375011000,15.7
48375011500,13
48375011600,17.4
48375011700,18.6
48375011800,14.9
48375011900,17.1
48375012000,16
48375012200,19.9
48375012600,20.9
48375012800,18.8
48375013000,19.6
48375013200,16.5
48375013300,18.6
48375013400,22.5
48375013900,20.4
48375014100,20.8
48375014300,25.6
48375014401,16.1
48375014500,16.5
48375014700,12.8
48375014800,17.8
48375014900,20.3
48375015000,22.3
48375015100,19.9
48375015200,17.6
48375015300,18.2
48375015400,15.1
48375980000,-
48377950100,14.5
48377950200,16.5
48379950100,32
48379950200,33.5
48381020100,19.4
48381020200,16.6
48381020300,17.2
48381020400,16.4
48381020500,15.8
48381020600,19.4
48381020800,17.8
48381020900,17.2
48381021000,15.4
48381021101,16.9
48381021102,17.3
48381021200,15.5
48381021300,22.7
48381021500,16.2
48381021602,14
48381021603,16.6
48381021604,16
48381021605,16.2
48381021606,20.6
48381021608,21.2
48381021609,18.3
48381021702,24.2
48381021703,22.5
48381021704,26.7
48381021801,20.3
48381021802,20.6
48381021900,24.5
48381022001,17.9
48381022002,17.9
48383950100,17.7
48385950100,20.7
48387950100,31.4
48387950500,25.1
48387950600,22.4
48387950700,28.1
48389950100,16.2
48389950200,17.5
48389950300,14.8
48389950400,15.6
48389950500,21
48391950200,23.4
48391950400,21.4
48393950100,15.6
48395960100,28.4
48395960200,28.3
48395960300,30.8
48395960400,27.5
48395960500,21.5
48397040101,29.9
48397040102,31.7
48397040200,33.5
48397040301,30.5
48397040302,23.7
48397040401,35.7
48397040402,28.7
48397040503,29.3
48397040504,30.2
48397040505,32.7
48397040506,32.2
48399950100,18.8
48399950200,22.4
48399950500,19.1
48399950600,15.5
48401950100,24.7
48401950200,24.3
48401950300,21
48401950400,22
48401950501,28.1
48401950502,29.2
48401950600,27.9
48401950700,16.2
48401950800,23.3
48401950900,16
48401951000,27
48401951100,35
48401951200,27
48403950100,38
48403950200,32.8
48403950300,21.1
48405950100,26.7
48405950200,23.1
48405950300,30.9
48407200101,45.7
48407200102,40
48407200200,34
48407200300,39.4
48409010201,24.4
48409010202,24
48409010301,19
48409010302,22
48409010500,21
48409010601,17.4
48409010602,19.7
48409010603,20.2
48409010604,20.7
48409010700,23.3
48409010800,20.6
48409010900,25.6
48409011000,21.6
48409011100,21.1
48409011200,33.5
48409011300,27.1
48411950100,13.9
48411950200,24.2
48413950300,23.8
48415950100,16.5
48415950200,20.1
48415950300,13.3
48415950600,19.2
48417950300,18.7
48419950100,26.7
48419950200,22.5
48419950300,20.8
48419950400,14.9
48419950500,22.9
48419950600,38.5
48421950200,13.7
48423000100,19.2
48423000201,22.2
48423000202,18.1
48423000300,17.4
48423000400,23.3
48423000500,18.9
48423000600,15.6
48423000700,18.5
48423000800,20.2
48423000900,17.2
48423001000,18.8
48423001101,15.6
48423001102,15.8
48423001200,18
48423001300,14.5
48423001401,31.9
48423001403,24
48423001404,31.8
48423001500,25.2
48423001601,23.7
48423001602,20
48423001604,23.6
48423001700,21.7
48423001801,26.6
48423001802,22.6
48423001803,16.8
48423001901,19.7
48423001905,19.5
48423001906,23.4
48423001907,25.2
48423001908,30.8
48423002003,17.5
48423002004,15.9
48423002006,19.2
48423002007,19.3
48423002008,19.1
48423002009,22.5
48423002101,24.6
48423002102,27.8
48423002200,25.4
48423980000,-
48425000100,28.1
48425000200,19.4
48427950101,25.8
48427950104,21.1
48427950105,29.5
48427950106,25.5
48427950107,20.2
48427950108,25.1
48427950202,20.8
48427950203,17.3
48427950204,17.3
48427950401,21.6
48427950402,24.4
48427950500,16
48427950600,18.7
48427950701,15.9
48427950702,24.5
48429950200,12
48429950300,23.4
48429950500,21.2
48431950100,20.1
48433950300,18
48435950300,14.8
48437950200,23.7
48437950300,13
48437950400,19.9
48439100101,25
48439100102,21.9
48439100201,23.8
48439100202,25.3
48439100300,25
48439100400,23.7
48439100501,25.5
48439100502,21.3
48439100601,29.1
48439100602,19.1
48439100700,21.4
48439100800,23.6
48439100900,21.1
48439101201,20.6
48439101202,25.1
48439101301,26.7
48439101302,22.8
48439101401,23.7
48439101402,26.1
48439101403,26.5
48439101500,24.8
48439101700,24.7
48439102000,20.3
48439102100,18.8
48439102201,18.1
48439102202,20.7
48439102301,21.1
48439102302,22.9
48439102401,21.7
48439102402,19.9
48439102500,25.6
48439102601,19.1
48439102602,20.9
48439102700,21.4
48439102800,14.7
48439103500,26.7
48439103601,23.8
48439103602,26
48439103701,27.8
48439103702,29.8
48439103800,24.1
48439104100,21.7
48439104201,17.5
48439104202,21.4
48439104300,17.8
48439104400,22.5
48439104502,27.9
48439104503,24
48439104504,31.1
48439104505,28.2
48439104601,25.7
48439104602,26.8
48439104603,24.2
48439104604,28.6
48439104605,24.8
48439104701,28.3
48439104702,26.3
48439104802,24.6
48439104803,24.3
48439104804,25.8
48439104900,22.4
48439105001,24.1
48439105006,29.7
48439105007,25.7
48439105008,25.4
48439105201,26.3
48439105203,23.7
48439105204,24.1
48439105205,21.4
48439105403,21.8
48439105404,22.4
48439105405,21.1
48439105406,21.6
48439105502,20.9
48439105503,22
48439105505,26.7
48439105507,27.5
48439105508,23.5
48439105510,27.1
48439105511,27.5
48439105512,27.6
48439105513,22.3
48439105514,23
48439105600,20.8
48439105701,21.6
48439105703,26.4
48439105704,29.1
48439105800,20.1
48439105901,27.7
48439105902,28.9
48439106001,25.5
48439106002,22.3
48439106004,27.1
48439106101,25.7
48439106102,23.9
48439106201,25.7
48439106202,27.3
48439106300,29.9
48439106400,29.4
48439106502,20.4
48439106503,25.1
48439106507,26.8
48439106509,25.8
48439106510,28.2
48439106511,26.1
48439106512,24.8
48439106513,21.8
48439106514,26
48439106515,25.8
48439106516,23.9
48439106517,24.1
48439106518,24.4
48439106600,23.8
48439106700,26.6
48439110101,20.6
48439110102,23.1
48439110202,20.9
48439110203,24.7
48439110204,21.1
48439110301,24.2
48439110302,22.3
48439110401,24.8
48439110402,20
48439110500,25.9
48439110600,19.1
48439110701,21.2
48439110703,27.9
48439110704,23.1
48439110805,25.7
48439110806,25.2
48439110807,23.4
48439110808,23.9
48439110809,27.7
48439110901,23.2
48439110903,20.7
48439110905,24.8
48439110906,25.5
48439110907,26.9
48439111003,27.7
48439111005,27.7
48439111008,29.4
48439111010,31.8
48439111011,29.4
48439111012,24.7
48439111013,24.6
48439111015,31.7
48439111016,25.2
48439111017,28.5
48439111018,36.8
48439111102,24.4
48439111103,20
48439111104,28.9
48439111202,24.1
48439111203,27.7
48439111204,30.8
48439111301,29.6
48439111304,27
48439111306,30.4
48439111307,23.6
48439111308,34.8
48439111309,24.4
48439111310,31.4
48439111311,29.7
48439111312,27.7
48439111313,31.6
48439111314,33.1
48439111402,28.1
48439111404,26.9
48439111405,25.4
48439111406,30.9
48439111407,31.8
48439111408,27.2
48439111409,26.1
48439111505,25.3
48439111506,25
48439111513,26.3
48439111514,27.6
48439111516,25.8
48439111521,25.2
48439111522,28.4
48439111523,26.2
48439111524,27.5
48439111525,24
48439111526,26.6
48439111529,26
48439111530,26.1
48439111531,25
48439111532,28.7
48439111533,24.2
48439111534,25.6
48439111536,28.1
48439111537,26.3
48439111538,27.4
48439111539,30
48439111540,25.2
48439111541,30.9
48439111542,29.2
48439111543,29.1
48439111544,28.1
48439111545,22.8
48439111546,25.1
48439111547,28.5
48439111548,31.1
48439111549,28.3
48439111550,32.6
48439111551,33
48439111552,27.8
48439111553,24.9
48439113001,22.2
48439113002,25.1
48439113102,24.4
48439113104,23
48439113107,23.4
48439113108,27.5
48439113109,22.3
48439113110,23.3
48439113111,22.4
48439113112,22.1
48439113113,21.1
48439113114,22.4
48439113115,21.3
48439113116,21.9
48439113206,23.6
48439113207,30.1
48439113210,29.8
48439113212,22.7
48439113213,23.5
48439113214,26.6
48439113215,27.4
48439113216,24.1
48439113217,24.6
48439113218,23.6
48439113220,22.9
48439113221,25.6
48439113301,26.9
48439113302,22.3
48439113403,23.2
48439113404,23.3
48439113405,21.9
48439113407,27.4
48439113408,26.3
48439113509,19.9
48439113510,22
48439113511,23.2
48439113512,21.2
48439113513,22.7
48439113514,22
48439113516,22.2
48439113517,25.1
48439113518,22.3
48439113519,24.3
48439113520,20.3
48439113607,24.5
48439113610,28.7
48439113611,26.8
48439113612,25.2
48439113613,25.8
48439113618,22.1
48439113619,26
48439113622,21.6
48439113623,23.9
48439113624,23.4
48439113625,25.8
48439113626,25.5
48439113627,22.5
48439113628,21.4
48439113629,25.9
48439113630,24.8
48439113631,21.3
48439113632,25.4
48439113633,24.2
48439113634,25.5
48439113703,20.7
48439113705,18.8
48439113707,28.6
48439113709,21.9
48439113710,21
48439113711,26.2
48439113803,29.7
48439113808,31.3
48439113809,24.6
48439113810,26.2
48439113811,26.6
48439113812,29.1
48439113813,28
48439113814,32.8
48439113815,33.2
48439113816,29.8
48439113906,25.5
48439113907,28.4
48439113908,30.6
48439113909,25.6
48439113910,29.1
48439113911,29
48439113912,29.9
48439113916,25.5
48439113917,29.4
48439113918,28.9
48439113919,29.8
48439113920,30.7
48439113921,29.3
48439113922,30.6
48439113923,28.4
48439113924,34.3
48439113925,31.8
48439113926,28.5
48439113927,31.2
48439113928,30.4
48439113929,33
48439114003,29.6
48439114005,25.9
48439114006,26.9
48439114007,27.5
48439114008,28.5
48439114102,27.2
48439114103,38.1
48439114104,33.6
48439114203,36.9
48439114204,37.5
48439114205,28.5
48439114206,28
48439114207,25.9
48439121601,22.6
48439121604,24.4
48439121605,24.2
48439121606,25.5
48439121608,23.2
48439121609,29.6
48439121610,27.6
48439121611,27.1
48439121702,25.9
48439121703,24
48439121704,29.7
48439121903,26.1
48439121904,24.5
48439121905,22.4
48439121906,29.4
48439122001,21.7
48439122002,22.7
48439122100,22.1
48439122200,20.7
48439122300,14
48439122400,23.9
48439122500,22.9
48439122600,25.2
48439122700,21.4
48439122801,22.3
48439122802,28.4
48439122900,26.1
48439123000,18
48439123100,22.6
48439123200,20.6
48439123300,15.8
48439123400,14.8
48439123500,20.4
48439123600,17.6
48439980000,-
48441010100,10.8
48441010200,17.9
48441010300,15.6
48441010400,18.2
48441010500,18.5
48441010600,13.8
48441010700,19.6
48441010800,18.5
48441010900,13.1
48441011000,12.4
48441011200,17.4
48441011300,17
48441011400,14.6
48441011500,12.4
48441011600,12.2
48441011700,14.4
48441011900,14.8
48441012000,13.4
48441012100,N
48441012200,18.1
48441012300,12.7
48441012400,13
48441012500,15
48441012600,16.2
48441012700,13.3
48441012801,16.8
48441012802,18.2
48441012900,9.2
48441013000,6.9
48441013100,16.1
48441013200,17.8
48441013300,18.5
48441013401,17.6
48441013402,16.9
48441013404,20.2
48441013500,22.4
48441013600,20.4
48441980000,-
48443950100,16.1
48445950100,22.8
48445950300,19.1
48445950400,19.1
48447950300,23.4
48449950100,22.8
48449950200,19.3
48449950300,18.7
48449950400,23.7
48449950500,13.8
48449950600,15.7
48449950700,10.8
48449950800,14.6
48451000100,16.8
48451000200,17.7
48451000300,18.6
48451000400,17
48451000700,17.2
48451000801,14.4
48451000802,17.1
48451000900,16.8
48451001000,10.7
48451001101,12.3
48451001102,18.5
48451001200,16.5
48451001301,14.5
48451001303,10.9
48451001304,16.5
48451001400,14
48451001500,13.1
48451001600,20.8
48451001702,29.4
48451001704,24.3
48451001706,15.8
48451001707,16.1
48451001708,20.9
48451001800,18.9
48451980000,-
48453000101,15.5
48453000102,17.4
48453000203,20
48453000204,15.4
48453000205,18.5
48453000206,22.1
48453000302,15.5
48453000304,18.7
48453000305,18.1
48453000306,19.3
48453000307,19.7
48453000401,18.3
48453000402,17.4
48453000500,12.9
48453000601,14.9
48453000603,17.1
48453000604,14.5
48453000700,14.3
48453000801,20.1
48453000802,24.4
48453000803,24.2
48453000804,19.7
48453000901,20.5
48453000902,16.4
48453001000,20.7
48453001100,19.8
48453001200,13.8
48453001303,18.8
48453001304,18.4
48453001305,18.9
48453001307,18.3
48453001308,28.4
48453001401,15
48453001402,22.6
48453001403,17.3
48453001501,17.7
48453001503,22.2
48453001504,19.1
48453001505,25.3
48453001602,22.2
48453001603,13.6
48453001604,17.2
48453001605,14.7
48453001606,N
48453001705,18.7
48453001706,19.5
48453001707,18.5
48453001712,23.2
48453001713,23.4
48453001714,28.7
48453001716,22.2
48453001718,18.3
48453001719,18.1
48453001722,19.8
48453001728,26
48453001729,23.7
48453001733,32.4
48453001737,24.9
48453001738,27.1
48453001740,22.4
48453001741,25.6
48453001742,25.6
48453001745,28.8
48453001746,26.7
48453001747,27.8
48453001748,27.2
48453001749,20.2
48453001750,22.5
48453001751,19.8
48453001752,19.9
48453001753,16.3
48453001754,21.8
48453001755,21.4
48453001756,20.3
48453001757,23.4
48453001760,30.1
48453001761,23.6
48453001764,37.4
48453001765,26.7
48453001766,38.6
48453001768,33.4
48453001769,29.2
48453001770,24.3
48453001771,36.3
48453001772,28.9
48453001773,27.1
48453001774,27.5
48453001775,25
48453001776,26.6
48453001777,26
48453001778,31.1
48453001779,39.2
48453001780,37.5
48453001781,25.3
48453001782,23.2
48453001783,25.1
48453001784,26.3
48453001785,23
48453001786,21.7
48453001804,23.9
48453001805,24.5
48453001806,25.9
48453001811,25.2
48453001812,26.7
48453001813,22.8
48453001817,16.9
48453001818,20.2
48453001819,22.7
48453001820,24
48453001821,23.7
48453001822,23.4
48453001823,26.8
48453001824,23.2
48453001826,19
48453001828,26.7
48453001829,18.1
48453001832,22.9
48453001833,27.4
48453001834,21.2
48453001835,23.8
48453001839,21.2
48453001840,24.7
48453001841,24.2
48453001842,27.8
48453001843,18.8
48453001844,21.7
48453001845,23.1
48453001846,21.8
48453001847,22.3
48453001848,19.9
48453001849,20.2
48453001850,25.2
48453001851,20.6
48453001853,23.1
48453001854,45
48453001855,26.4
48453001856,27.2
48453001857,22.5
48453001858,29.6
48453001859,30.5
48453001860,21.6
48453001861,22.7
48453001862,28.8
48453001863,20.8
48453001864,21.3
48453001901,21.5
48453001908,22.4
48453001910,16
48453001911,16.6
48453001912,23.1
48453001913,22.8
48453001914,22
48453001915,20.4
48453001916,24.3
48453001917,22.8
48453001918,16.7
48453001919,18.4
48453002002,19.8
48453002003,23.4
48453002004,22.3
48453002005,26.2
48453002104,21.1
48453002105,21.1
48453002106,19
48453002107,23.2
48453002108,20.5
48453002109,22.5
48453002110,24.1
48453002111,24.2
48453002112,25.1
48453002113,28
48453002201,25.1
48453002202,32.1
48453002207,34.8
48453002208,26.7
48453002209,32.7
48453002210,35.8
48453002211,29.7
48453002212,24.4
48453002304,27.7
48453002307,24.2
48453002308,22.6
48453002310,27.4
48453002312,27.7
48453002313,24.7
48453002314,23.8
48453002315,25.4
48453002316,24.2
48453002317,18
48453002318,23.9
48453002319,70
48453002402,23.6
48453002403,22.8
48453002407,27.2
48453002409,23.7
48453002410,24.3
48453002411,25.6
48453002412,30.6
48453002413,28.4
48453002419,25.2
48453002421,26
48453002422,24.4
48453002423,26.6
48453002424,26.6
48453002425,30.4
48453002426,28.4
48453002427,31.4
48453002428,28.2
48453002429,23.9
48453002430,31.3
48453002431,25.8
48453002432,26.6
48453002433,28.5
48453002434,31.9
48453002435,30.4
48453002436,32.7
48453002500,19.6
48453980000,-
48455950100,39.5
48455950200,34.5
48455950300,31
48455950400,30.5
48455950500,22.6
48457950100,33.8
48457950200,24.5
48457950300,19.4
48457950400,43.3
48457950500,41.6
48459950100,30.6
48459950200,30.6
48459950300,27.8
48459950400,21.2
48459950500,28.4
48459950600,24.8
48459950700,26.5
48461950100,20.2
48461950200,17.6
48463950100,22.3
48463950200,18.8
48463950300,17.2
48463950400,18.5
48463950500,14.2
48465950201,15.3
48465950301,13.1
48465950302,26.9
48465950400,16.1
48465950500,21
48465950601,14.6
48465950602,21.1
48465950700,17.1
48465950800,25.2
48465980000,-
48467950100,31.9
48467950200,25.6
48467950300,34.8
48467950400,41.9
48467950500,34.6
48467950600,32.7
48467950700,28
48467950800,32.5
48467950900,32.3
48467951000,34.7
48469000100,16.3
48469000201,17.8
48469000202,18.7
48469000301,16.5
48469000302,20.5
48469000400,15.3
48469000501,17.6
48469000502,14.5
48469000601,14.4
48469000602,20.4
48469000700,19.8
48469000800,24.8
48469001300,28.7
48469001400,26
48469001501,23.1
48469001503,23.3
48469001504,20.3
48469001601,15.5
48469001604,18
48469001605,17.5
48469001606,19.5
48469001700,32.8
48469980000,-
48471790101,36.6
48471790102,29.2
48471790103,30
48471790200,30.3
48471790300,23.7
48471790400,25.2
48471790500,18.9
48471790600,17.1
48471790700,19.8
48471790800,14.5
48473680100,28
48473680200,27.4
48473680300,28.4
48473680400,10.9
48473680500,30.6
48473680600,42.4
48475950100,20.3
48475950200,17.3
48475950300,17.5
48477170100,16.6
48477170200,19.1
48477170300,13.1
48477170400,15
48477170500,25.5
48477170600,29.2
48479000101,21.5
48479000105,19
48479000106,22
48479000107,24.5
48479000108,28.5
48479000109,23.2
48479000200,19.1
48479000300,17.1
48479000601,19.3
48479000602,16.6
48479000700,17.1
48479000800,18.5
48479000901,17.4
48479000903,17.4
48479000904,17.7
48479001001,19.1
48479001003,18.3
48479001004,23
48479001101,17.5
48479001103,16.4
48479001104,14.6
48479001105,17
48479001201,19.4
48479001202,19.3
48479001300,18.2
48479001401,17.1
48479001402,19.8
48479001501,19
48479001502,21.6
48479001601,16.1
48479001602,20.8
48479001706,20.3
48479001709,16.8
48479001710,32.2
48479001711,19.6
48479001712,19
48479001713,20.5
48479001714,21.9
48479001715,18.1
48479001716,18.7
48479001717,23
48479001718,19.5
48479001719,15.8
48479001720,20.4
48479001721,14.8
48479001722,19.3
48479001806,30.9
48479001807,31.4
48479001808,33.5
48479001809,27
48479001810,23.8
48479001811,30
48479001812,26.7
48479001813,27.2
48479001814,24.8
48479001815,24.6
48479001816,20.3
48479001817,34.3
48479001818,41.5
48479001900,23.2
48479980000,-
48481740100,30.5
48481740200,19.9
48481740300,21.3
48481740400,21.7
48481740500,25.5
48481740600,24.6
48481740700,20.4
48481740800,17.2
48481740900,19.7
48481741000,22.3
48481741100,26.9
48483950100,20.8
48483950300,15.2
48485010100,11.9
48485010200,10.9
48485010400,12.8
48485010600,12.4
48485010700,12.9
48485010800,12.2
48485010900,14.4
48485011000,13.9
48485011100,13.1
48485011200,12.1
48485011300,15.3
48485011400,16.3
48485011500,13.3
48485011600,15.8
48485011700,13.8
48485011800,14
48485011900,14.1
48485012000,12
48485012100,15.9
48485012200,17.8
48485012300,17.7
48485012400,15
48485012600,13.9
48485012700,14.8
48485012800,18.2
48485012900,16.8
48485013000,15.8
48485013100,13
48485013200,16.2
48485013300,8.2
48485013401,13.5
48485013501,19.3
48485013502,19.1
48485013600,17.6
48485013700,15.5
48485013800,23.1
48485980000,-
48487950300,15.3
48487950500,9.6
48487950600,11.7
48487950700,16.9
48489950300,16.2
48489950400,16.1
48489950500,19.7
48489950600,22.6
48489950700,23.1
48489990000,-
48491020105,21.2
48491020106,33.1
48491020107,25.9
48491020108,26.1
48491020109,36.2
48491020110,28.6
48491020111,25.5
48491020112,26.8
48491020113,28.1
48491020114,20.2
48491020115,27.6
48491020201,23.4
48491020202,32.4
48491020203,42.4
48491020204,32
48491020301,35
48491020302,26.6
48491020310,27.9
48491020311,22.3
48491020312,32
48491020313,24.1
48491020314,30
48491020315,23.9
48491020316,22.9
48491020317,20.8
48491020318,26.3
48491020319,28.2
48491020320,28.6
48491020321,30.9
48491020322,26.1
48491020323,33.4
48491020324,29.8
48491020325,25.6
48491020326,28
48491020327,22.6
48491020328,28.5
48491020403,21.4
48491020404,26.4
48491020405,25.3
48491020406,22.8
48491020408,22.2
48491020409,22.1
48491020410,23.4
48491020411,23.6
48491020503,25.8
48491020504,22.6
48491020505,25.6
48491020506,29.3
48491020507,27.5
48491020508,21.5
48491020509,28.1
48491020510,28.4
48491020602,24.8
48491020603,25.1
48491020604,25.7
48491020605,28.2
48491020701,19.1
48491020703,23.8
48491020704,23
48491020706,26.4
48491020707,25.3
48491020708,21.5
48491020803,26.2
48491020804,27.1
48491020805,28.4
48491020806,28.7
48491020807,24.2
48491020808,29.2
48491020809,29.5
48491020900,30.5
48491021000,25.6
48491021100,29.5
48491021201,31.9
48491021202,26.9
48491021203,22.9
48491021300,29.1
48491021401,21.2
48491021402,21.6
48491021403,21.4
48491021502,21.7
48491021503,25.9
48491021504,24.9
48491021505,21.6
48491021506,27.7
48491021507,25.3
48491021508,22.3
48491021601,27.9
48491021602,28.9
48491021603,26.2
48493000102,32.3
48493000103,30.3
48493000104,33.3
48493000201,32.2
48493000202,33.9
48493000300,26.2
48493000402,31.4
48493000403,34.9
48493000404,35.6
48493000500,35.8
48493000600,31.6
48495950200,23.7
48495950300,25
48495950400,19
48497150101,37.7
48497150102,35.9
48497150200,15.9
48497150300,28.3
48497150401,27
48497150402,28.6
48497150403,25.9
48497150500,20
48497150601,39.5
48497150602,40.4
48497150603,34
48499950100,31.6
48499950200,13.6
48499950301,28.3
48499950302,27.2
48499950400,33.8
48499950500,23.7
48499950601,28
48499950602,35.2
48499950700,26.3
48499950800,24
48501950100,18
48501950200,17.7
48503950200,15.5
48503950400,21.2
48503950500,15.8
48503950600,11.7
48505950301,14.8
48505950302,18.3
48505950400,19.1
48507950100,19.2
48507950200,21.6
48507950301,12.4
48507950302,17.2
