Id,GEOID,Geography,County,State,Total; Estimate; Population for whom poverty status is determined,Below poverty level; Estimate; Population for whom poverty status is determined,poverty_percent
1400000US48113000100,48113000100,Census Tract 1, Dallas County, Texas,3981,207,0.051996986
1400000US48113000201,48113000201,Census Tract 2.01, Dallas County, Texas,2825,129,0.045663717
1400000US48113000202,48113000202,Census Tract 2.02, Dallas County, Texas,3582,150,0.041876047
1400000US48113000300,48113000300,Census Tract 3, Dallas County, Texas,4210,432,0.102612827
1400000US48113000401,48113000401,Census Tract 4.01, Dallas County, Texas,5348,1987,0.371540763
1400000US48113000404,48113000404,Census Tract 4.04, Dallas County, Texas,3647,785,0.215245407
1400000US48113000405,48113000405,Census Tract 4.05, Dallas County, Texas,2716,1012,0.372606775
1400000US48113000406,48113000406,Census Tract 4.06, Dallas County, Texas,7705,2394,0.310707333
1400000US48113000500,48113000500,Census Tract 5, Dallas County, Texas,4157,783,0.188356988
1400000US48113000601,48113000601,Census Tract 6.01, Dallas County, Texas,6047,1857,0.307094427
1400000US48113000603,48113000603,Census Tract 6.03, Dallas County, Texas,4131,255,0.061728395
1400000US48113000605,48113000605,Census Tract 6.05, Dallas County, Texas,2174,227,0.104415823
1400000US48113000606,48113000606,Census Tract 6.06, Dallas County, Texas,2950,164,0.05559322
1400000US48113000701,48113000701,Census Tract 7.01, Dallas County, Texas,4264,323,0.075750469
1400000US48113000702,48113000702,Census Tract 7.02, Dallas County, Texas,2799,325,0.116112897
1400000US48113000800,48113000800,Census Tract 8, Dallas County, Texas,6340,1385,0.218454259
1400000US48113000900,48113000900,Census Tract 9, Dallas County, Texas,4353,1679,0.385711004
1400000US48113001001,48113001001,Census Tract 10.01, Dallas County, Texas,1751,63,0.03597944
1400000US48113001002,48113001002,Census Tract 10.02, Dallas County, Texas,2186,207,0.094693504
1400000US48113001101,48113001101,Census Tract 11.01, Dallas County, Texas,3528,363,0.102891156
1400000US48113001102,48113001102,Census Tract 11.02, Dallas County, Texas,2430,61,0.025102881
1400000US48113001202,48113001202,Census Tract 12.02, Dallas County, Texas,3231,569,0.176106469
1400000US48113001203,48113001203,Census Tract 12.03, Dallas County, Texas,1656,174,0.105072464
1400000US48113001204,48113001204,Census Tract 12.04, Dallas County, Texas,2988,1038,0.347389558
1400000US48113001301,48113001301,Census Tract 13.01, Dallas County, Texas,2385,448,0.187840671
1400000US48113001302,48113001302,Census Tract 13.02, Dallas County, Texas,2367,369,0.155893536
1400000US48113001400,48113001400,Census Tract 14, Dallas County, Texas,3929,1021,0.25986256
1400000US48113001502,48113001502,Census Tract 15.02, Dallas County, Texas,2979,894,0.300100705
1400000US48113001503,48113001503,Census Tract 15.03, Dallas County, Texas,3545,1944,0.548377997
1400000US48113001504,48113001504,Census Tract 15.04, Dallas County, Texas,2370,632,0.266666667
1400000US48113001600,48113001600,Census Tract 16, Dallas County, Texas,4324,1603,0.370721554
1400000US48113001701,48113001701,Census Tract 17.01, Dallas County, Texas,294,0,0
1400000US48113001703,48113001703,Census Tract 17.03, Dallas County, Texas,2989,158,0.052860488
1400000US48113001704,48113001704,Census Tract 17.04, Dallas County, Texas,1374,53,0.038573508
1400000US48113001800,48113001800,Census Tract 18, Dallas County, Texas,3562,162,0.045480067
1400000US48113001900,48113001900,Census Tract 19, Dallas County, Texas,4731,768,0.162333545
1400000US48113002000,48113002000,Census Tract 20, Dallas County, Texas,5418,1693,0.312476929
1400000US48113002100,48113002100,Census Tract 21, Dallas County, Texas,1625,184,0.113230769
1400000US48113002200,48113002200,Census Tract 22, Dallas County, Texas,1979,401,0.20262759
1400000US48113002400,48113002400,Census Tract 24, Dallas County, Texas,3126,986,0.315419066
1400000US48113002500,48113002500,Census Tract 25, Dallas County, Texas,4458,1079,0.242036788
1400000US48113002701,48113002701,Census Tract 27.01, Dallas County, Texas,2721,1655,0.608232268
1400000US48113002702,48113002702,Census Tract 27.02, Dallas County, Texas,1487,613,0.412239408
1400000US48113003101,48113003101,Census Tract 31.01, Dallas County, Texas,2709,191,0.070505722
1400000US48113003400,48113003400,Census Tract 34, Dallas County, Texas,1277,561,0.439310885
1400000US48113003700,48113003700,Census Tract 37, Dallas County, Texas,3124,926,0.296414853
1400000US48113003800,48113003800,Census Tract 38, Dallas County, Texas,1976,809,0.409412955
1400000US48113003901,48113003901,Census Tract 39.01, Dallas County, Texas,1600,630,0.39375
1400000US48113003902,48113003902,Census Tract 39.02, Dallas County, Texas,1912,737,0.385460251
1400000US48113004000,48113004000,Census Tract 40, Dallas County, Texas,890,421,0.473033708
1400000US48113004100,48113004100,Census Tract 41, Dallas County, Texas,1128,704,0.624113475
1400000US48113004201,48113004201,Census Tract 42.01, Dallas County, Texas,4312,787,0.182513915
1400000US48113004202,48113004202,Census Tract 42.02, Dallas County, Texas,2382,571,0.239714526
1400000US48113004300,48113004300,Census Tract 43, Dallas County, Texas,2056,567,0.27577821
1400000US48113004400,48113004400,Census Tract 44, Dallas County, Texas,3429,251,0.073199183
1400000US48113004500,48113004500,Census Tract 45, Dallas County, Texas,5763,775,0.13447857
1400000US48113004600,48113004600,Census Tract 46, Dallas County, Texas,1506,183,0.121513944
1400000US48113004700,48113004700,Census Tract 47, Dallas County, Texas,3595,1446,0.402225313
1400000US48113004800,48113004800,Census Tract 48, Dallas County, Texas,2721,905,0.332598309
1400000US48113004900,48113004900,Census Tract 49, Dallas County, Texas,4181,1476,0.353025592
1400000US48113005000,48113005000,Census Tract 50, Dallas County, Texas,4514,1297,0.287328312
1400000US48113005100,48113005100,Census Tract 51, Dallas County, Texas,3102,838,0.270148291
1400000US48113005200,48113005200,Census Tract 52, Dallas County, Texas,4880,1011,0.207172131
1400000US48113005300,48113005300,Census Tract 53, Dallas County, Texas,7325,2336,0.31890785
1400000US48113005400,48113005400,Census Tract 54, Dallas County, Texas,5407,2005,0.370815609
1400000US48113005500,48113005500,Census Tract 55, Dallas County, Texas,3606,1380,0.382695507
1400000US48113005600,48113005600,Census Tract 56, Dallas County, Texas,8419,2965,0.352179594
1400000US48113005700,48113005700,Census Tract 57, Dallas County, Texas,4738,1570,0.331363444
1400000US48113005901,48113005901,Census Tract 59.01, Dallas County, Texas,4514,1242,0.275143996
1400000US48113005902,48113005902,Census Tract 59.02, Dallas County, Texas,3584,1433,0.399832589
1400000US48113006001,48113006001,Census Tract 60.01, Dallas County, Texas,3668,1695,0.462104689
1400000US48113006002,48113006002,Census Tract 60.02, Dallas County, Texas,4364,1800,0.412465628
1400000US48113006100,48113006100,Census Tract 61, Dallas County, Texas,4517,1249,0.276510959
1400000US48113006200,48113006200,Census Tract 62, Dallas County, Texas,5735,1640,0.285963383
1400000US48113006301,48113006301,Census Tract 63.01, Dallas County, Texas,6183,1613,0.260876597
1400000US48113006302,48113006302,Census Tract 63.02, Dallas County, Texas,4147,700,0.168796721
1400000US48113006401,48113006401,Census Tract 64.01, Dallas County, Texas,2451,262,0.106895145
1400000US48113006402,48113006402,Census Tract 64.02, Dallas County, Texas,5919,1346,0.227403278
1400000US48113006501,48113006501,Census Tract 65.01, Dallas County, Texas,5911,1519,0.256978515
1400000US48113006502,48113006502,Census Tract 65.02, Dallas County, Texas,3914,785,0.200562085
1400000US48113006700,48113006700,Census Tract 67, Dallas County, Texas,7491,2036,0.271792818
1400000US48113006800,48113006800,Census Tract 68, Dallas County, Texas,5239,1611,0.307501432
1400000US48113006900,48113006900,Census Tract 69, Dallas County, Texas,3252,1449,0.445571956
1400000US48113007101,48113007101,Census Tract 71.01, Dallas County, Texas,2052,89,0.04337232
1400000US48113007102,48113007102,Census Tract 71.02, Dallas County, Texas,6718,1377,0.204971718
1400000US48113007201,48113007201,Census Tract 72.01, Dallas County, Texas,8931,2397,0.268390998
1400000US48113007202,48113007202,Census Tract 72.02, Dallas County, Texas,8131,2421,0.297749354
1400000US48113007301,48113007301,Census Tract 73.01, Dallas County, Texas,2015,33,0.016377171
1400000US48113007302,48113007302,Census Tract 73.02, Dallas County, Texas,4915,640,0.130213632
1400000US48113007601,48113007601,Census Tract 76.01, Dallas County, Texas,1934,45,0.023267839
1400000US48113007604,48113007604,Census Tract 76.04, Dallas County, Texas,3359,68,0.02024412
1400000US48113007605,48113007605,Census Tract 76.05, Dallas County, Texas,1879,58,0.030867483
1400000US48113007700,48113007700,Census Tract 77, Dallas County, Texas,4762,315,0.066148677
1400000US48113007801,48113007801,Census Tract 78.01, Dallas County, Texas,2201,132,0.05997274
1400000US48113007804,48113007804,Census Tract 78.04, Dallas County, Texas,5116,1217,0.237881157
1400000US48113007805,48113007805,Census Tract 78.05, Dallas County, Texas,2737,314,0.114724151
1400000US48113007809,48113007809,Census Tract 78.09, Dallas County, Texas,1997,364,0.18227341
1400000US48113007810,48113007810,Census Tract 78.10, Dallas County, Texas,3887,469,0.120658606
1400000US48113007811,48113007811,Census Tract 78.11, Dallas County, Texas,4923,1804,0.366443226
1400000US48113007812,48113007812,Census Tract 78.12, Dallas County, Texas,3067,21,0.006847082
1400000US48113007815,48113007815,Census Tract 78.15, Dallas County, Texas,4691,2681,0.571519932
1400000US48113007818,48113007818,Census Tract 78.18, Dallas County, Texas,5181,1852,0.35745995
1400000US48113007819,48113007819,Census Tract 78.19, Dallas County, Texas,1952,723,0.370389344
1400000US48113007820,48113007820,Census Tract 78.20, Dallas County, Texas,5685,2672,0.470008795
1400000US48113007821,48113007821,Census Tract 78.21, Dallas County, Texas,3307,748,0.226186876
1400000US48113007822,48113007822,Census Tract 78.22, Dallas County, Texas,1059,166,0.156751653
1400000US48113007823,48113007823,Census Tract 78.23, Dallas County, Texas,564,255,0.45212766
1400000US48113007824,48113007824,Census Tract 78.24, Dallas County, Texas,1635,0,0
1400000US48113007825,48113007825,Census Tract 78.25, Dallas County, Texas,5386,1493,0.277200149
1400000US48113007826,48113007826,Census Tract 78.26, Dallas County, Texas,260,39,0.15
1400000US48113007827,48113007827,Census Tract 78.27, Dallas County, Texas,2366,715,0.302197802
1400000US48113007902,48113007902,Census Tract 79.02, Dallas County, Texas,4793,646,0.134779887
1400000US48113007903,48113007903,Census Tract 79.03, Dallas County, Texas,1912,197,0.103033473
1400000US48113007906,48113007906,Census Tract 79.06, Dallas County, Texas,2317,151,0.065170479
1400000US48113007909,48113007909,Census Tract 79.09, Dallas County, Texas,2146,186,0.08667288
1400000US48113007910,48113007910,Census Tract 79.10, Dallas County, Texas,3047,440,0.144404332
1400000US48113007911,48113007911,Census Tract 79.11, Dallas County, Texas,2917,477,0.163524169
1400000US48113007912,48113007912,Census Tract 79.12, Dallas County, Texas,1779,116,0.065205171
1400000US48113007913,48113007913,Census Tract 79.13, Dallas County, Texas,2215,335,0.151241535
1400000US48113007914,48113007914,Census Tract 79.14, Dallas County, Texas,2645,832,0.314555766
1400000US48113008000,48113008000,Census Tract 80, Dallas County, Texas,6186,12,0.001939864
1400000US48113008100,48113008100,Census Tract 81, Dallas County, Texas,6563,481,0.073289654
1400000US48113008200,48113008200,Census Tract 82, Dallas County, Texas,4037,703,0.174139212
1400000US48113008400,48113008400,Census Tract 84, Dallas County, Texas,8685,2760,0.317789292
1400000US48113008500,48113008500,Census Tract 85, Dallas County, Texas,4992,1326,0.265625
1400000US48113008603,48113008603,Census Tract 86.03, Dallas County, Texas,1251,592,0.473221423
1400000US48113008604,48113008604,Census Tract 86.04, Dallas County, Texas,2975,1530,0.514285714
1400000US48113008701,48113008701,Census Tract 87.01, Dallas County, Texas,3796,1946,0.512644889
1400000US48113008703,48113008703,Census Tract 87.03, Dallas County, Texas,2754,1095,0.397603486
1400000US48113008704,48113008704,Census Tract 87.04, Dallas County, Texas,3402,1339,0.393592005
1400000US48113008705,48113008705,Census Tract 87.05, Dallas County, Texas,1249,202,0.161729384
1400000US48113008801,48113008801,Census Tract 88.01, Dallas County, Texas,2401,830,0.345689296
1400000US48113008802,48113008802,Census Tract 88.02, Dallas County, Texas,6173,2808,0.454884173
1400000US48113008900,48113008900,Census Tract 89, Dallas County, Texas,3028,1400,0.462351387
1400000US48113009000,48113009000,Census Tract 90, Dallas County, Texas,8481,2576,0.303737767
1400000US48113009101,48113009101,Census Tract 91.01, Dallas County, Texas,5687,1428,0.251098998
1400000US48113009103,48113009103,Census Tract 91.03, Dallas County, Texas,3533,1005,0.284460798
1400000US48113009104,48113009104,Census Tract 91.04, Dallas County, Texas,3593,1398,0.389089897
1400000US48113009105,48113009105,Census Tract 91.05, Dallas County, Texas,4243,1359,0.320292246
1400000US48113009201,48113009201,Census Tract 92.01, Dallas County, Texas,6650,1319,0.198345865
1400000US48113009202,48113009202,Census Tract 92.02, Dallas County, Texas,5976,1778,0.297523427
1400000US48113009301,48113009301,Census Tract 93.01, Dallas County, Texas,5627,1636,0.29074107
1400000US48113009303,48113009303,Census Tract 93.03, Dallas County, Texas,3979,1344,0.33777331
1400000US48113009304,48113009304,Census Tract 93.04, Dallas County, Texas,5866,3357,0.572280941
1400000US48113009401,48113009401,Census Tract 94.01, Dallas County, Texas,3393,272,0.080165046
1400000US48113009402,48113009402,Census Tract 94.02, Dallas County, Texas,2426,113,0.04657873
1400000US48113009500,48113009500,Census Tract 95, Dallas County, Texas,2228,76,0.034111311
1400000US48113009603,48113009603,Census Tract 96.03, Dallas County, Texas,4492,224,0.049866429
1400000US48113009604,48113009604,Census Tract 96.04, Dallas County, Texas,4283,646,0.150828858
1400000US48113009605,48113009605,Census Tract 96.05, Dallas County, Texas,3568,852,0.238789238
1400000US48113009607,48113009607,Census Tract 96.07, Dallas County, Texas,4100,206,0.050243902
1400000US48113009608,48113009608,Census Tract 96.08, Dallas County, Texas,4429,805,0.181756604
1400000US48113009609,48113009609,Census Tract 96.09, Dallas County, Texas,2971,80,0.026926961
1400000US48113009610,48113009610,Census Tract 96.10, Dallas County, Texas,5532,2200,0.397686189
1400000US48113009611,48113009611,Census Tract 96.11, Dallas County, Texas,3489,346,0.099168816
1400000US48113009701,48113009701,Census Tract 97.01, Dallas County, Texas,5247,900,0.171526587
1400000US48113009702,48113009702,Census Tract 97.02, Dallas County, Texas,2768,214,0.077312139
1400000US48113009802,48113009802,Census Tract 98.02, Dallas County, Texas,5955,1821,0.305793451
1400000US48113009803,48113009803,Census Tract 98.03, Dallas County, Texas,2204,419,0.190108893
1400000US48113009804,48113009804,Census Tract 98.04, Dallas County, Texas,8037,3736,0.464850068
1400000US48113009900,48113009900,Census Tract 99, Dallas County, Texas,2703,474,0.17536071
1400000US48113010000,48113010000,Census Tract 100, Dallas County, Texas,3582,1286,0.359017309
1400000US48113010101,48113010101,Census Tract 101.01, Dallas County, Texas,4277,1282,0.29974281
1400000US48113010102,48113010102,Census Tract 101.02, Dallas County, Texas,3387,968,0.285798642
1400000US48113010500,48113010500,Census Tract 105, Dallas County, Texas,3252,620,0.190651907
1400000US48113010601,48113010601,Census Tract 106.01, Dallas County, Texas,6167,1541,0.249878385
1400000US48113010602,48113010602,Census Tract 106.02, Dallas County, Texas,2639,970,0.367563471
1400000US48113010701,48113010701,Census Tract 107.01, Dallas County, Texas,4712,1620,0.343803056
1400000US48113010703,48113010703,Census Tract 107.03, Dallas County, Texas,3010,999,0.331893688
1400000US48113010704,48113010704,Census Tract 107.04, Dallas County, Texas,4764,1310,0.274979009
1400000US48113010801,48113010801,Census Tract 108.01, Dallas County, Texas,9796,2166,0.221110657
1400000US48113010803,48113010803,Census Tract 108.03, Dallas County, Texas,6261,781,0.124740457
1400000US48113010804,48113010804,Census Tract 108.04, Dallas County, Texas,4285,1422,0.331855309
1400000US48113010805,48113010805,Census Tract 108.05, Dallas County, Texas,6154,2184,0.354891128
1400000US48113010902,48113010902,Census Tract 109.02, Dallas County, Texas,5803,1233,0.212476305
1400000US48113010903,48113010903,Census Tract 109.03, Dallas County, Texas,3134,594,0.189534142
1400000US48113010904,48113010904,Census Tract 109.04, Dallas County, Texas,3273,1036,0.316529178
1400000US48113011001,48113011001,Census Tract 110.01, Dallas County, Texas,6670,1307,0.195952024
1400000US48113011002,48113011002,Census Tract 110.02, Dallas County, Texas,2914,449,0.154083734
1400000US48113011101,48113011101,Census Tract 111.01, Dallas County, Texas,3886,168,0.043232115
1400000US48113011103,48113011103,Census Tract 111.03, Dallas County, Texas,3443,899,0.261109498
1400000US48113011104,48113011104,Census Tract 111.04, Dallas County, Texas,3438,966,0.280977312
1400000US48113011105,48113011105,Census Tract 111.05, Dallas County, Texas,3799,1658,0.43643064
1400000US48113011200,48113011200,Census Tract 112, Dallas County, Texas,6231,1789,0.287112823
1400000US48113011300,48113011300,Census Tract 113, Dallas County, Texas,4724,906,0.191786622
1400000US48113011401,48113011401,Census Tract 114.01, Dallas County, Texas,5171,2243,0.433765229
1400000US48113011500,48113011500,Census Tract 115, Dallas County, Texas,2050,1193,0.58195122
1400000US48113011601,48113011601,Census Tract 116.01, Dallas County, Texas,4551,1438,0.315974511
1400000US48113011602,48113011602,Census Tract 116.02, Dallas County, Texas,6671,1865,0.279568281
1400000US48113011701,48113011701,Census Tract 117.01, Dallas County, Texas,7410,2387,0.322132254
1400000US48113011702,48113011702,Census Tract 117.02, Dallas County, Texas,4891,1224,0.250255571
1400000US48113011800,48113011800,Census Tract 118, Dallas County, Texas,9599,3885,0.404729659
1400000US48113011900,48113011900,Census Tract 119, Dallas County, Texas,9353,2220,0.237356998
1400000US48113012000,48113012000,Census Tract 120, Dallas County, Texas,7537,1795,0.238158418
1400000US48113012100,48113012100,Census Tract 121, Dallas County, Texas,5919,1508,0.254772766
1400000US48113012204,48113012204,Census Tract 122.04, Dallas County, Texas,6260,1756,0.280511182
1400000US48113012206,48113012206,Census Tract 122.06, Dallas County, Texas,4623,602,0.130218473
1400000US48113012207,48113012207,Census Tract 122.07, Dallas County, Texas,7416,2092,0.282092772
1400000US48113012208,48113012208,Census Tract 122.08, Dallas County, Texas,2889,1341,0.464174455
1400000US48113012209,48113012209,Census Tract 122.09, Dallas County, Texas,3236,714,0.220642769
1400000US48113012210,48113012210,Census Tract 122.10, Dallas County, Texas,3891,1516,0.389617065
1400000US48113012211,48113012211,Census Tract 122.11, Dallas County, Texas,4313,1202,0.278692326
1400000US48113012301,48113012301,Census Tract 123.01, Dallas County, Texas,4999,1469,0.293858772
1400000US48113012302,48113012302,Census Tract 123.02, Dallas County, Texas,7205,3637,0.504788341
1400000US48113012400,48113012400,Census Tract 124, Dallas County, Texas,5008,274,0.05471246
1400000US48113012500,48113012500,Census Tract 125, Dallas County, Texas,7636,1497,0.19604505
1400000US48113012601,48113012601,Census Tract 126.01, Dallas County, Texas,6289,1782,0.283351884
1400000US48113012603,48113012603,Census Tract 126.03, Dallas County, Texas,2123,488,0.229863401
1400000US48113012604,48113012604,Census Tract 126.04, Dallas County, Texas,6374,1869,0.293222466
1400000US48113012701,48113012701,Census Tract 127.01, Dallas County, Texas,6603,1728,0.261699228
1400000US48113012702,48113012702,Census Tract 127.02, Dallas County, Texas,3242,753,0.232264035
1400000US48113012800,48113012800,Census Tract 128, Dallas County, Texas,7719,793,0.102733515
1400000US48113012900,48113012900,Census Tract 129, Dallas County, Texas,4190,373,0.08902148
1400000US48113013004,48113013004,Census Tract 130.04, Dallas County, Texas,5973,225,0.037669513
1400000US48113013005,48113013005,Census Tract 130.05, Dallas County, Texas,3454,169,0.048928778
1400000US48113013007,48113013007,Census Tract 130.07, Dallas County, Texas,3271,608,0.185875879
1400000US48113013008,48113013008,Census Tract 130.08, Dallas County, Texas,3568,334,0.093609865
1400000US48113013009,48113013009,Census Tract 130.09, Dallas County, Texas,4447,449,0.100966944
1400000US48113013010,48113013010,Census Tract 130.10, Dallas County, Texas,5034,1373,0.272745332
1400000US48113013011,48113013011,Census Tract 130.11, Dallas County, Texas,4617,1275,0.276153346
1400000US48113013101,48113013101,Census Tract 131.01, Dallas County, Texas,2540,93,0.036614173
1400000US48113013102,48113013102,Census Tract 131.02, Dallas County, Texas,1609,14,0.008701057
1400000US48113013104,48113013104,Census Tract 131.04, Dallas County, Texas,1081,88,0.081406105
1400000US48113013105,48113013105,Census Tract 131.05, Dallas County, Texas,6279,1670,0.265965918
1400000US48113013200,48113013200,Census Tract 132, Dallas County, Texas,6637,852,0.128371252
1400000US48113013300,48113013300,Census Tract 133, Dallas County, Texas,2297,4,0.001741402
1400000US48113013400,48113013400,Census Tract 134, Dallas County, Texas,2081,44,0.021143681
1400000US48113013500,48113013500,Census Tract 135, Dallas County, Texas,2404,29,0.012063228
1400000US48113013605,48113013605,Census Tract 136.05, Dallas County, Texas,5222,41,0.007851398
1400000US48113013606,48113013606,Census Tract 136.06, Dallas County, Texas,6018,683,0.113492855
1400000US48113013607,48113013607,Census Tract 136.07, Dallas County, Texas,3610,474,0.131301939
1400000US48113013608,48113013608,Census Tract 136.08, Dallas County, Texas,2456,29,0.011807818
1400000US48113013609,48113013609,Census Tract 136.09, Dallas County, Texas,3845,494,0.128478544
1400000US48113013610,48113013610,Census Tract 136.10, Dallas County, Texas,4219,427,0.101208817
1400000US48113013611,48113013611,Census Tract 136.11, Dallas County, Texas,2383,125,0.052454889
1400000US48113013615,48113013615,Census Tract 136.15, Dallas County, Texas,4980,1583,0.317871486
1400000US48113013616,48113013616,Census Tract 136.16, Dallas County, Texas,5564,679,0.122034508
1400000US48113013617,48113013617,Census Tract 136.17, Dallas County, Texas,2896,309,0.106698895
1400000US48113013618,48113013618,Census Tract 136.18, Dallas County, Texas,2408,118,0.049003322
1400000US48113013619,48113013619,Census Tract 136.19, Dallas County, Texas,4855,179,0.036869207
1400000US48113013620,48113013620,Census Tract 136.20, Dallas County, Texas,4280,196,0.045794393
1400000US48113013621,48113013621,Census Tract 136.21, Dallas County, Texas,3892,556,0.142857143
1400000US48113013622,48113013622,Census Tract 136.22, Dallas County, Texas,3029,476,0.157147573
1400000US48113013623,48113013623,Census Tract 136.23, Dallas County, Texas,6164,1028,0.166774822
1400000US48113013624,48113013624,Census Tract 136.24, Dallas County, Texas,3406,422,0.123899002
1400000US48113013625,48113013625,Census Tract 136.25, Dallas County, Texas,3041,891,0.292995725
1400000US48113013626,48113013626,Census Tract 136.26, Dallas County, Texas,3241,747,0.230484418
1400000US48113013711,48113013711,Census Tract 137.11, Dallas County, Texas,3057,702,0.229636899
1400000US48113013712,48113013712,Census Tract 137.12, Dallas County, Texas,2391,459,0.191969887
1400000US48113013713,48113013713,Census Tract 137.13, Dallas County, Texas,2036,951,0.467092338
1400000US48113013714,48113013714,Census Tract 137.14, Dallas County, Texas,6315,1208,0.191290578
1400000US48113013715,48113013715,Census Tract 137.15, Dallas County, Texas,2381,106,0.04451911
1400000US48113013716,48113013716,Census Tract 137.16, Dallas County, Texas,4644,667,0.143626184
1400000US48113013717,48113013717,Census Tract 137.17, Dallas County, Texas,2629,431,0.163940662
1400000US48113013718,48113013718,Census Tract 137.18, Dallas County, Texas,4749,1334,0.280901242
1400000US48113013719,48113013719,Census Tract 137.19, Dallas County, Texas,3751,299,0.079712077
1400000US48113013720,48113013720,Census Tract 137.20, Dallas County, Texas,5675,1018,0.17938326
1400000US48113013721,48113013721,Census Tract 137.21, Dallas County, Texas,5934,118,0.019885406
1400000US48113013722,48113013722,Census Tract 137.22, Dallas County, Texas,3530,276,0.078186969
1400000US48113013725,48113013725,Census Tract 137.25, Dallas County, Texas,4277,795,0.185877952
1400000US48113013726,48113013726,Census Tract 137.26, Dallas County, Texas,3478,318,0.091431857
1400000US48113013727,48113013727,Census Tract 137.27, Dallas County, Texas,3067,133,0.043364852
1400000US48113013803,48113013803,Census Tract 138.03, Dallas County, Texas,5625,236,0.041955556
1400000US48113013804,48113013804,Census Tract 138.04, Dallas County, Texas,3009,141,0.046859422
1400000US48113013805,48113013805,Census Tract 138.05, Dallas County, Texas,2956,998,0.337618403
1400000US48113013806,48113013806,Census Tract 138.06, Dallas County, Texas,2976,153,0.05141129
1400000US48113013901,48113013901,Census Tract 139.01, Dallas County, Texas,3225,527,0.163410853
1400000US48113013902,48113013902,Census Tract 139.02, Dallas County, Texas,4061,922,0.227037675
1400000US48113014001,48113014001,Census Tract 140.01, Dallas County, Texas,4113,613,0.14903963
1400000US48113014002,48113014002,Census Tract 140.02, Dallas County, Texas,129,15,0.11627907
1400000US48113014103,48113014103,Census Tract 141.03, Dallas County, Texas,3283,905,0.275662504
1400000US48113014113,48113014113,Census Tract 141.13, Dallas County, Texas,4625,259,0.056
1400000US48113014114,48113014114,Census Tract 141.14, Dallas County, Texas,3006,557,0.185296075
1400000US48113014115,48113014115,Census Tract 141.15, Dallas County, Texas,7624,701,0.091946485
1400000US48113014116,48113014116,Census Tract 141.16, Dallas County, Texas,3899,525,0.13464991
1400000US48113014119,48113014119,Census Tract 141.19, Dallas County, Texas,4076,168,0.041216879
1400000US48113014120,48113014120,Census Tract 141.20, Dallas County, Texas,4958,22,0.004437273
1400000US48113014121,48113014121,Census Tract 141.21, Dallas County, Texas,5427,520,0.09581721
1400000US48113014123,48113014123,Census Tract 141.23, Dallas County, Texas,6059,189,0.031193266
1400000US48113014124,48113014124,Census Tract 141.24, Dallas County, Texas,4138,124,0.029966167
1400000US48113014126,48113014126,Census Tract 141.26, Dallas County, Texas,5956,383,0.064304903
1400000US48113014127,48113014127,Census Tract 141.27, Dallas County, Texas,8052,530,0.065822156
1400000US48113014128,48113014128,Census Tract 141.28, Dallas County, Texas,3396,172,0.050647821
1400000US48113014129,48113014129,Census Tract 141.29, Dallas County, Texas,5317,236,0.044385932
1400000US48113014130,48113014130,Census Tract 141.30, Dallas County, Texas,4126,338,0.081919535
1400000US48113014131,48113014131,Census Tract 141.31, Dallas County, Texas,4245,589,0.138751472
1400000US48113014132,48113014132,Census Tract 141.32, Dallas County, Texas,2313,418,0.180717683
1400000US48113014133,48113014133,Census Tract 141.33, Dallas County, Texas,4184,758,0.181166348
1400000US48113014134,48113014134,Census Tract 141.34, Dallas County, Texas,4005,25,0.006242197
1400000US48113014135,48113014135,Census Tract 141.35, Dallas County, Texas,4472,178,0.03980322
1400000US48113014136,48113014136,Census Tract 141.36, Dallas County, Texas,5659,238,0.042056901
1400000US48113014137,48113014137,Census Tract 141.37, Dallas County, Texas,3634,127,0.034947716
1400000US48113014138,48113014138,Census Tract 141.38, Dallas County, Texas,3774,330,0.087440382
1400000US48113014203,48113014203,Census Tract 142.03, Dallas County, Texas,3439,827,0.240476883
1400000US48113014204,48113014204,Census Tract 142.04, Dallas County, Texas,1610,571,0.354658385
1400000US48113014205,48113014205,Census Tract 142.05, Dallas County, Texas,1492,19,0.012734584
1400000US48113014206,48113014206,Census Tract 142.06, Dallas County, Texas,3804,282,0.074132492
1400000US48113014302,48113014302,Census Tract 143.02, Dallas County, Texas,7033,697,0.099104223
1400000US48113014306,48113014306,Census Tract 143.06, Dallas County, Texas,5444,995,0.182770022
1400000US48113014307,48113014307,Census Tract 143.07, Dallas County, Texas,4134,411,0.099419448
1400000US48113014308,48113014308,Census Tract 143.08, Dallas County, Texas,4225,986,0.233372781
1400000US48113014309,48113014309,Census Tract 143.09, Dallas County, Texas,5189,1913,0.368664483
1400000US48113014310,48113014310,Census Tract 143.10, Dallas County, Texas,4447,945,0.212502811
1400000US48113014311,48113014311,Census Tract 143.11, Dallas County, Texas,4775,524,0.10973822
1400000US48113014312,48113014312,Census Tract 143.12, Dallas County, Texas,5331,299,0.056087038
1400000US48113014403,48113014403,Census Tract 144.03, Dallas County, Texas,3877,560,0.144441579
1400000US48113014405,48113014405,Census Tract 144.05, Dallas County, Texas,3541,528,0.149110421
1400000US48113014406,48113014406,Census Tract 144.06, Dallas County, Texas,4674,1016,0.2173727
1400000US48113014407,48113014407,Census Tract 144.07, Dallas County, Texas,4724,559,0.118331922
1400000US48113014408,48113014408,Census Tract 144.08, Dallas County, Texas,4250,326,0.076705882
1400000US48113014501,48113014501,Census Tract 145.01, Dallas County, Texas,3504,290,0.082762557
1400000US48113014502,48113014502,Census Tract 145.02, Dallas County, Texas,4453,941,0.211318212
1400000US48113014601,48113014601,Census Tract 146.01, Dallas County, Texas,2041,272,0.133268006
1400000US48113014602,48113014602,Census Tract 146.02, Dallas County, Texas,4863,1085,0.223113305
1400000US48113014603,48113014603,Census Tract 146.03, Dallas County, Texas,1588,520,0.327455919
1400000US48113014701,48113014701,Census Tract 147.01, Dallas County, Texas,4370,1343,0.307322654
1400000US48113014702,48113014702,Census Tract 147.02, Dallas County, Texas,4195,1757,0.418831943
1400000US48113014703,48113014703,Census Tract 147.03, Dallas County, Texas,1647,254,0.154219794
1400000US48113014901,48113014901,Census Tract 149.01, Dallas County, Texas,1614,356,0.220570012
1400000US48113014902,48113014902,Census Tract 149.02, Dallas County, Texas,2289,700,0.305810398
1400000US48113015000,48113015000,Census Tract 150, Dallas County, Texas,8104,2147,0.264930898
1400000US48113015100,48113015100,Census Tract 151, Dallas County, Texas,6866,1229,0.178997961
1400000US48113015202,48113015202,Census Tract 152.02, Dallas County, Texas,4110,1542,0.375182482
1400000US48113015204,48113015204,Census Tract 152.04, Dallas County, Texas,7591,1552,0.204452641
1400000US48113015205,48113015205,Census Tract 152.05, Dallas County, Texas,3538,951,0.26879593
1400000US48113015206,48113015206,Census Tract 152.06, Dallas County, Texas,3712,512,0.137931034
1400000US48113015303,48113015303,Census Tract 153.03, Dallas County, Texas,2188,312,0.142595978
1400000US48113015304,48113015304,Census Tract 153.04, Dallas County, Texas,3446,495,0.143644806
1400000US48113015305,48113015305,Census Tract 153.05, Dallas County, Texas,4307,596,0.138379382
1400000US48113015306,48113015306,Census Tract 153.06, Dallas County, Texas,5149,523,0.101573121
1400000US48113015401,48113015401,Census Tract 154.01, Dallas County, Texas,6352,581,0.091467254
1400000US48113015403,48113015403,Census Tract 154.03, Dallas County, Texas,3169,913,0.288103503
1400000US48113015404,48113015404,Census Tract 154.04, Dallas County, Texas,4313,1581,0.366566195
1400000US48113015500,48113015500,Census Tract 155, Dallas County, Texas,3795,997,0.262714097
1400000US48113015600,48113015600,Census Tract 156, Dallas County, Texas,5167,1051,0.203406232
1400000US48113015700,48113015700,Census Tract 157, Dallas County, Texas,2444,588,0.240589198
1400000US48113015800,48113015800,Census Tract 158, Dallas County, Texas,2348,816,0.347529813
1400000US48113015900,48113015900,Census Tract 159, Dallas County, Texas,4056,905,0.223126233
1400000US48113016001,48113016001,Census Tract 160.01, Dallas County, Texas,4635,1090,0.235167206
1400000US48113016002,48113016002,Census Tract 160.02, Dallas County, Texas,2846,1106,0.388615601
1400000US48113016100,48113016100,Census Tract 161, Dallas County, Texas,3840,1158,0.3015625
1400000US48113016201,48113016201,Census Tract 162.01, Dallas County, Texas,4789,1025,0.214032157
1400000US48113016202,48113016202,Census Tract 162.02, Dallas County, Texas,7529,1924,0.255545225
1400000US48113016301,48113016301,Census Tract 163.01, Dallas County, Texas,6617,1089,0.164576092
1400000US48113016302,48113016302,Census Tract 163.02, Dallas County, Texas,1991,296,0.148669011
1400000US48113016401,48113016401,Census Tract 164.01, Dallas County, Texas,9668,684,0.070748862
1400000US48113016406,48113016406,Census Tract 164.06, Dallas County, Texas,4711,1027,0.218000425
1400000US48113016407,48113016407,Census Tract 164.07, Dallas County, Texas,7238,1785,0.246615087
1400000US48113016408,48113016408,Census Tract 164.08, Dallas County, Texas,6534,587,0.089837772
1400000US48113016409,48113016409,Census Tract 164.09, Dallas County, Texas,3249,117,0.03601108
1400000US48113016410,48113016410,Census Tract 164.10, Dallas County, Texas,5285,455,0.086092715
1400000US48113016411,48113016411,Census Tract 164.11, Dallas County, Texas,8903,907,0.101875772
1400000US48113016412,48113016412,Census Tract 164.12, Dallas County, Texas,4069,84,0.020643893
1400000US48113016413,48113016413,Census Tract 164.13, Dallas County, Texas,6870,550,0.080058224
1400000US48113016502,48113016502,Census Tract 165.02, Dallas County, Texas,6928,1055,0.1522806
1400000US48113016509,48113016509,Census Tract 165.09, Dallas County, Texas,5700,668,0.117192982
1400000US48113016510,48113016510,Census Tract 165.10, Dallas County, Texas,12410,1433,0.115471394
1400000US48113016511,48113016511,Census Tract 165.11, Dallas County, Texas,3503,584,0.166714245
1400000US48113016513,48113016513,Census Tract 165.13, Dallas County, Texas,5186,279,0.053798689
1400000US48113016514,48113016514,Census Tract 165.14, Dallas County, Texas,7369,362,0.049124712
1400000US48113016516,48113016516,Census Tract 165.16, Dallas County, Texas,5502,1002,0.182115594
1400000US48113016517,48113016517,Census Tract 165.17, Dallas County, Texas,4382,637,0.145367412
1400000US48113016518,48113016518,Census Tract 165.18, Dallas County, Texas,5251,831,0.15825557
1400000US48113016519,48113016519,Census Tract 165.19, Dallas County, Texas,2250,52,0.023111111
1400000US48113016520,48113016520,Census Tract 165.20, Dallas County, Texas,6795,1208,0.177777778
1400000US48113016521,48113016521,Census Tract 165.21, Dallas County, Texas,4325,1038,0.24
1400000US48113016522,48113016522,Census Tract 165.22, Dallas County, Texas,2988,375,0.125502008
1400000US48113016523,48113016523,Census Tract 165.23, Dallas County, Texas,4236,80,0.018885741
1400000US48113016605,48113016605,Census Tract 166.05, Dallas County, Texas,7042,2885,0.409684749
1400000US48113016606,48113016606,Census Tract 166.06, Dallas County, Texas,6761,775,0.114628014
1400000US48113016607,48113016607,Census Tract 166.07, Dallas County, Texas,3110,926,0.297749196
1400000US48113016610,48113016610,Census Tract 166.10, Dallas County, Texas,4385,990,0.225769669
1400000US48113016611,48113016611,Census Tract 166.11, Dallas County, Texas,5996,724,0.120747165
1400000US48113016612,48113016612,Census Tract 166.12, Dallas County, Texas,13098,150,0.01145213
1400000US48113016615,48113016615,Census Tract 166.15, Dallas County, Texas,4066,491,0.120757501
1400000US48113016616,48113016616,Census Tract 166.16, Dallas County, Texas,5558,372,0.066930551
1400000US48113016617,48113016617,Census Tract 166.17, Dallas County, Texas,5192,204,0.039291217
1400000US48113016618,48113016618,Census Tract 166.18, Dallas County, Texas,4231,690,0.163082014
1400000US48113016619,48113016619,Census Tract 166.19, Dallas County, Texas,3867,594,0.153607448
1400000US48113016620,48113016620,Census Tract 166.20, Dallas County, Texas,5113,318,0.062194406
1400000US48113016621,48113016621,Census Tract 166.21, Dallas County, Texas,5351,1000,0.186880957
1400000US48113016622,48113016622,Census Tract 166.22, Dallas County, Texas,3922,439,0.111932687
1400000US48113016623,48113016623,Census Tract 166.23, Dallas County, Texas,5671,461,0.081290778
1400000US48113016624,48113016624,Census Tract 166.24, Dallas County, Texas,3309,144,0.043517679
1400000US48113016625,48113016625,Census Tract 166.25, Dallas County, Texas,8999,654,0.072674742
1400000US48113016626,48113016626,Census Tract 166.26, Dallas County, Texas,4937,1287,0.260684626
1400000US48113016701,48113016701,Census Tract 167.01, Dallas County, Texas,6024,1638,0.271912351
1400000US48113016703,48113016703,Census Tract 167.03, Dallas County, Texas,10349,2170,0.209682095
1400000US48113016704,48113016704,Census Tract 167.04, Dallas County, Texas,3883,758,0.195209889
1400000US48113016705,48113016705,Census Tract 167.05, Dallas County, Texas,6509,1177,0.180826548
1400000US48113016802,48113016802,Census Tract 168.02, Dallas County, Texas,3066,258,0.084148728
1400000US48113016803,48113016803,Census Tract 168.03, Dallas County, Texas,6532,1196,0.183098592
1400000US48113016804,48113016804,Census Tract 168.04, Dallas County, Texas,7943,621,0.078182047
1400000US48113016902,48113016902,Census Tract 169.02, Dallas County, Texas,4430,1055,0.238148984
1400000US48113016903,48113016903,Census Tract 169.03, Dallas County, Texas,4338,1445,0.333102812
1400000US48113017001,48113017001,Census Tract 170.01, Dallas County, Texas,7138,970,0.135892407
1400000US48113017003,48113017003,Census Tract 170.03, Dallas County, Texas,9508,1312,0.137989062
1400000US48113017004,48113017004,Census Tract 170.04, Dallas County, Texas,8411,2383,0.283319463
1400000US48113017101,48113017101,Census Tract 171.01, Dallas County, Texas,4673,907,0.19409373
1400000US48113017102,48113017102,Census Tract 171.02, Dallas County, Texas,4808,1463,0.304284526
1400000US48113017201,48113017201,Census Tract 172.01, Dallas County, Texas,5706,2089,0.366105853
1400000US48113017202,48113017202,Census Tract 172.02, Dallas County, Texas,9123,2903,0.31820673
1400000US48113017301,48113017301,Census Tract 173.01, Dallas County, Texas,5704,914,0.160238429
1400000US48113017303,48113017303,Census Tract 173.03, Dallas County, Texas,7823,918,0.117346287
1400000US48113017304,48113017304,Census Tract 173.04, Dallas County, Texas,9858,1155,0.117163725
1400000US48113017305,48113017305,Census Tract 173.05, Dallas County, Texas,9897,1144,0.115590583
1400000US48113017306,48113017306,Census Tract 173.06, Dallas County, Texas,7283,989,0.135795689
1400000US48113017400,48113017400,Census Tract 174, Dallas County, Texas,5573,721,0.129373766
1400000US48113017500,48113017500,Census Tract 175, Dallas County, Texas,4074,412,0.101129111
1400000US48113017602,48113017602,Census Tract 176.02, Dallas County, Texas,4431,593,0.133829835
1400000US48113017604,48113017604,Census Tract 176.04, Dallas County, Texas,3619,362,0.100027632
1400000US48113017605,48113017605,Census Tract 176.05, Dallas County, Texas,4156,1075,0.258662175
1400000US48113017606,48113017606,Census Tract 176.06, Dallas County, Texas,4430,699,0.15778781
1400000US48113017702,48113017702,Census Tract 177.02, Dallas County, Texas,8391,1435,0.171016565
1400000US48113017703,48113017703,Census Tract 177.03, Dallas County, Texas,4502,1188,0.263882719
1400000US48113017704,48113017704,Census Tract 177.04, Dallas County, Texas,5464,1163,0.212847731
1400000US48113017804,48113017804,Census Tract 178.04, Dallas County, Texas,6419,1587,0.247234772
1400000US48113017805,48113017805,Census Tract 178.05, Dallas County, Texas,6495,1002,0.154272517
1400000US48113017806,48113017806,Census Tract 178.06, Dallas County, Texas,4571,1049,0.229490265
1400000US48113017807,48113017807,Census Tract 178.07, Dallas County, Texas,5608,760,0.135520685
1400000US48113017808,48113017808,Census Tract 178.08, Dallas County, Texas,4299,394,0.091649221
1400000US48113017811,48113017811,Census Tract 178.11, Dallas County, Texas,4276,325,0.076005613
1400000US48113017812,48113017812,Census Tract 178.12, Dallas County, Texas,2227,104,0.046699596
1400000US48113017813,48113017813,Census Tract 178.13, Dallas County, Texas,5724,672,0.117400419
1400000US48113017814,48113017814,Census Tract 178.14, Dallas County, Texas,5559,292,0.052527433
1400000US48113017900,48113017900,Census Tract 179, Dallas County, Texas,5402,1200,0.222139948
1400000US48113018001,48113018001,Census Tract 180.01, Dallas County, Texas,5448,621,0.113986784
1400000US48113018002,48113018002,Census Tract 180.02, Dallas County, Texas,3595,770,0.21418637
1400000US48113018104,48113018104,Census Tract 181.04, Dallas County, Texas,7345,501,0.068209666
1400000US48113018105,48113018105,Census Tract 181.05, Dallas County, Texas,6391,1393,0.21796276
1400000US48113018110,48113018110,Census Tract 181.10, Dallas County, Texas,4514,482,0.10677891
1400000US48113018111,48113018111,Census Tract 181.11, Dallas County, Texas,6884,933,0.135531668
1400000US48113018118,48113018118,Census Tract 181.18, Dallas County, Texas,7485,692,0.09245157
1400000US48113018120,48113018120,Census Tract 181.20, Dallas County, Texas,4697,339,0.072173728
1400000US48113018121,48113018121,Census Tract 181.21, Dallas County, Texas,5579,696,0.12475354
1400000US48113018122,48113018122,Census Tract 181.22, Dallas County, Texas,13014,811,0.062317504
1400000US48113018123,48113018123,Census Tract 181.23, Dallas County, Texas,7297,499,0.068384268
1400000US48113018124,48113018124,Census Tract 181.24, Dallas County, Texas,16725,124,0.007414051
1400000US48113018126,48113018126,Census Tract 181.26, Dallas County, Texas,6066,344,0.056709529
1400000US48113018127,48113018127,Census Tract 181.27, Dallas County, Texas,3517,291,0.082740972
1400000US48113018128,48113018128,Census Tract 181.28, Dallas County, Texas,5838,1053,0.18036999
1400000US48113018129,48113018129,Census Tract 181.29, Dallas County, Texas,4162,84,0.020182605
1400000US48113018130,48113018130,Census Tract 181.30, Dallas County, Texas,3865,865,0.223803364
1400000US48113018132,48113018132,Census Tract 181.32, Dallas County, Texas,5771,933,0.161670421
1400000US48113018133,48113018133,Census Tract 181.33, Dallas County, Texas,3731,136,0.036451354
1400000US48113018134,48113018134,Census Tract 181.34, Dallas County, Texas,5524,408,0.073859522
1400000US48113018135,48113018135,Census Tract 181.35, Dallas County, Texas,4220,63,0.01492891
1400000US48113018136,48113018136,Census Tract 181.36, Dallas County, Texas,8182,356,0.043510144
1400000US48113018137,48113018137,Census Tract 181.37, Dallas County, Texas,3872,242,0.0625
1400000US48113018138,48113018138,Census Tract 181.38, Dallas County, Texas,4587,696,0.151733159
1400000US48113018139,48113018139,Census Tract 181.39, Dallas County, Texas,6492,1056,0.162661738
1400000US48113018140,48113018140,Census Tract 181.40, Dallas County, Texas,5303,404,0.076183292
1400000US48113018141,48113018141,Census Tract 181.41, Dallas County, Texas,3234,619,0.191403834
1400000US48113018142,48113018142,Census Tract 181.42, Dallas County, Texas,3088,186,0.060233161
1400000US48113018203,48113018203,Census Tract 182.03, Dallas County, Texas,6488,1186,0.182799014
1400000US48113018204,48113018204,Census Tract 182.04, Dallas County, Texas,4738,1461,0.308357957
1400000US48113018205,48113018205,Census Tract 182.05, Dallas County, Texas,4563,1226,0.268682884
1400000US48113018206,48113018206,Census Tract 182.06, Dallas County, Texas,4817,1345,0.279219431
1400000US48113018300,48113018300,Census Tract 183, Dallas County, Texas,7100,1021,0.143802817
1400000US48113018401,48113018401,Census Tract 184.01, Dallas County, Texas,4802,1483,0.308829654
1400000US48113018402,48113018402,Census Tract 184.02, Dallas County, Texas,3669,561,0.152902698
1400000US48113018403,48113018403,Census Tract 184.03, Dallas County, Texas,811,129,0.159062885
1400000US48113018501,48113018501,Census Tract 185.01, Dallas County, Texas,3789,989,0.261018738
1400000US48113018503,48113018503,Census Tract 185.03, Dallas County, Texas,5173,1934,0.373864295
1400000US48113018505,48113018505,Census Tract 185.05, Dallas County, Texas,3455,853,0.246888567
1400000US48113018506,48113018506,Census Tract 185.06, Dallas County, Texas,3048,819,0.268700787
1400000US48113018600,48113018600,Census Tract 186, Dallas County, Texas,3490,449,0.128653295
1400000US48113018700,48113018700,Census Tract 187, Dallas County, Texas,6762,1751,0.258947057
1400000US48113018801,48113018801,Census Tract 188.01, Dallas County, Texas,4409,927,0.210251758
1400000US48113018802,48113018802,Census Tract 188.02, Dallas County, Texas,946,376,0.397463002
1400000US48113018900,48113018900,Census Tract 189, Dallas County, Texas,6555,1254,0.191304348
1400000US48113019004,48113019004,Census Tract 190.04, Dallas County, Texas,6703,616,0.09189915
1400000US48113019013,48113019013,Census Tract 190.13, Dallas County, Texas,5945,2920,0.49116905
1400000US48113019014,48113019014,Census Tract 190.14, Dallas County, Texas,8254,2457,0.297673855
1400000US48113019016,48113019016,Census Tract 190.16, Dallas County, Texas,3223,1220,0.378529321
1400000US48113019018,48113019018,Census Tract 190.18, Dallas County, Texas,4653,1003,0.215559854
1400000US48113019019,48113019019,Census Tract 190.19, Dallas County, Texas,6986,1958,0.280274835
1400000US48113019020,48113019020,Census Tract 190.20, Dallas County, Texas,5065,381,0.075222113
1400000US48113019021,48113019021,Census Tract 190.21, Dallas County, Texas,7305,1337,0.183025325
1400000US48113019023,48113019023,Census Tract 190.23, Dallas County, Texas,4800,151,0.031458333
1400000US48113019024,48113019024,Census Tract 190.24, Dallas County, Texas,4294,598,0.139264089
1400000US48113019025,48113019025,Census Tract 190.25, Dallas County, Texas,5029,100,0.019884669
1400000US48113019026,48113019026,Census Tract 190.26, Dallas County, Texas,5447,549,0.100789425
1400000US48113019027,48113019027,Census Tract 190.27, Dallas County, Texas,4759,439,0.09224627
1400000US48113019028,48113019028,Census Tract 190.28, Dallas County, Texas,3803,398,0.10465422
1400000US48113019029,48113019029,Census Tract 190.29, Dallas County, Texas,6067,937,0.154442064
1400000US48113019031,48113019031,Census Tract 190.31, Dallas County, Texas,6095,180,0.029532404
1400000US48113019032,48113019032,Census Tract 190.32, Dallas County, Texas,4364,1111,0.254582951
1400000US48113019033,48113019033,Census Tract 190.33, Dallas County, Texas,4442,1583,0.356371004
1400000US48113019034,48113019034,Census Tract 190.34, Dallas County, Texas,4166,944,0.226596255
1400000US48113019035,48113019035,Census Tract 190.35, Dallas County, Texas,4615,1374,0.29772481
1400000US48113019036,48113019036,Census Tract 190.36, Dallas County, Texas,2666,101,0.037884471
1400000US48113019037,48113019037,Census Tract 190.37, Dallas County, Texas,3678,263,0.071506253
1400000US48113019038,48113019038,Census Tract 190.38, Dallas County, Texas,849,53,0.062426384
1400000US48113019039,48113019039,Census Tract 190.39, Dallas County, Texas,5908,1038,0.175693974
1400000US48113019040,48113019040,Census Tract 190.40, Dallas County, Texas,5659,413,0.072981092
1400000US48113019041,48113019041,Census Tract 190.41, Dallas County, Texas,2637,77,0.029199848
1400000US48113019042,48113019042,Census Tract 190.42, Dallas County, Texas,5109,243,0.047563124
1400000US48113019043,48113019043,Census Tract 190.43, Dallas County, Texas,7098,167,0.023527754
1400000US48113019100,48113019100,Census Tract 191, Dallas County, Texas,5858,563,0.096107887
1400000US48113019202,48113019202,Census Tract 192.02, Dallas County, Texas,4542,1237,0.272346984
1400000US48113019203,48113019203,Census Tract 192.03, Dallas County, Texas,3690,442,0.119783198
1400000US48113019204,48113019204,Census Tract 192.04, Dallas County, Texas,9633,1629,0.169106197
1400000US48113019205,48113019205,Census Tract 192.05, Dallas County, Texas,3250,45,0.013846154
1400000US48113019206,48113019206,Census Tract 192.06, Dallas County, Texas,5696,2219,0.389571629
1400000US48113019208,48113019208,Census Tract 192.08, Dallas County, Texas,7235,2550,0.352453352
1400000US48113019210,48113019210,Census Tract 192.10, Dallas County, Texas,3758,151,0.040180947
1400000US48113019211,48113019211,Census Tract 192.11, Dallas County, Texas,4574,596,0.130301705
1400000US48113019212,48113019212,Census Tract 192.12, Dallas County, Texas,3746,1783,0.475974373
1400000US48113019213,48113019213,Census Tract 192.13, Dallas County, Texas,3524,1817,0.515607264
1400000US48113019301,48113019301,Census Tract 193.01, Dallas County, Texas,2892,10,0.003457815
1400000US48113019302,48113019302,Census Tract 193.02, Dallas County, Texas,2486,284,0.114239743
1400000US48113019400,48113019400,Census Tract 194, Dallas County, Texas,3836,536,0.139728884
1400000US48113019501,48113019501,Census Tract 195.01, Dallas County, Texas,7276,27,0.00371083
1400000US48113019502,48113019502,Census Tract 195.02, Dallas County, Texas,4216,107,0.025379507
1400000US48113019600,48113019600,Census Tract 196, Dallas County, Texas,2455,61,0.024847251
1400000US48113019700,48113019700,Census Tract 197, Dallas County, Texas,1809,64,0.035378662
1400000US48113019800,48113019800,Census Tract 198, Dallas County, Texas,4433,257,0.057974284
1400000US48113019900,48113019900,Census Tract 199, Dallas County, Texas,4246,1416,0.333490344
1400000US48113020000,48113020000,Census Tract 200, Dallas County, Texas,4200,174,0.041428571
1400000US48113020100,48113020100,Census Tract 201, Dallas County, Texas,2289,586,0.25600699
1400000US48113020200,48113020200,Census Tract 202, Dallas County, Texas,4001,1606,0.40139965
1400000US48113020300,48113020300,Census Tract 203, Dallas County, Texas,2179,874,0.401101423
1400000US48113020400,48113020400,Census Tract 204, Dallas County, Texas,5175,1271,0.245603865
1400000US48113020500,48113020500,Census Tract 205, Dallas County, Texas,5177,2993,0.578134054
1400000US48113020600,48113020600,Census Tract 206, Dallas County, Texas,2349,24,0.010217114
1400000US48113020700,48113020700,Census Tract 207, Dallas County, Texas,4577,31,0.006772995
