GEOID,POV_70,POV_10
48085030100,0.228015983,0.029968832
48085030201,0.138983207,0.004641448
48085030202,0.138983209,0.031315918
48085030203,0.138983207,0.020985572
48085030301,0.153432039,0.022128958
48085030302,0.153432029,0.049061033
48085030303,0.153432036,0.092743248
48085030304,0.153432027,0.052844037
48085030305,0.153432025,0.067984073
48085030403,0.204872159,0.032174662
48085030404,0.204886409,0.06156015
48085030405,0.204885564,0.045170951
48085030406,0.20488637,0.013716648
48085030407,0.204886406,0.019672131
48085030408,0.204879985,0.0174946
48085030504,0.204488979,0.012671595
48085030505,0.202706747,0.037101115
48085030506,0.195423763,0.096398534
48085030507,0.195422539,0.039931153
48085030508,0.195422531,0.042072323
48085030509,0.19567853,0.10954955
48085030510,0.195304893,0.036624776
48085030511,0.197151128,0.047252183
48085030512,0.195304875,0.006300205
48085030513,0.195304884,0.055505142
48085030514,0.195273682,0.040840697
48085030515,0.19530489,0.056709265
48085030516,0.195304887,0.245632066
48085030517,0.194575766,0.135616755
48085030518,0.198118508,0.170670038
48085030519,0.193707165,0.127116292
48085030520,0.193687629,0.223974763
48085030521,0.193687638,0.084069021
48085030522,0.193687633,0.083527454
48085030523,0.193687625,0.175336413
48085030524,0.193687639,0.200226886
48085030525,0.193687625,0.056525038
48085030526,0.193687631,0.162049861
48085030527,0.193687641,0.10458568
48085030528,0.193687627,0.060573087
48085030529,0.193687632,0.157521463
48085030530,0.19368763,0.074978939
48085030531,0.193687634,0.043275862
48085030601,0.04756408,0.01698186
48085030603,0.046455698,0.009746193
48085030604,0.04633782,0.02107385
48085030605,0.046337818,0.093167702
48085030701,0.210260733,0.034498944
48085030702,0.210260717,0.029371893
48085030801,0.143926553,0.014004721
48085030802,0.143686607,0.018105009
48085030900,0.230470068,0.030162086
48085031001,0.185897439,0.011363636
48085031003,0.184953899,0.047680621
48085031004,0.1849539,0.049038669
48085031100,0.268882735,0.020668584
48085031201,0.262645878,0.022259555
48085031202,0.26260821,0.051476939
48085031308,0.074908534,0.016946391
48085031309,0.074908528,0.010574889
48085031310,0.074908531,0.029042258
48085031311,0.074908532,0.011411272
48085031312,0.074912001,0.038823529
48085031313,0.074911998,0.002351281
48085031314,0.074908532,0.017940877
48085031315,0.074908533,0.024604141
48085031316,0.074908534,0.02919085
48085031317,0.074908528,0.033855212
48085031405,0.152992915,0.04432398
48085031406,0.152992914,0.002202643
48085031407,0.152992913,0.027034121
48085031408,0.131750745,0.047858099
48085031409,0.131750745,0.055004509
48085031410,0.131773144,0.067537844
48085031411,0.131750741,0.032113123
48085031504,0.136842099,0.040241092
48085031505,0.135588269,0.02009483
48085031506,0.136840724,0.12065362
48085031507,0.136830346,0.215022839
48085031508,0.136830342,0.105633803
48085031611,0.122593069,0.040055676
48085031612,0.122593071,0.054140127
48085031613,0.122593062,0.007264297
48085031621,0.017141967,0.06828618
48085031622,0.122593073,0.020998279
48085031623,0.122593066,0.008234929
48085031624,0.024787306,0.05315516
48085031625,0.122593068,0.02173913
48085031626,0.122593071,0.059194712
48085031627,0.122593063,0.004911323
48085031628,0.122593065,0.054873186
48085031629,0.122593067,0.06423639
48085031630,0.122593067,0.046631173
48085031631,0.122593069,0.063690476
48085031632,0.12259307,0.049250535
48085031633,0.122593072,0.084670051
48085031634,0.122593067,0.026477541
48085031635,0.122593073,0.011281225
48085031636,0.122593064,0.068932273
48085031637,0.122593063,0.015403961
48085031638,0.122593067,0.031382228
48085031639,0.122593074,0.050230651
48085031640,0.123244111,0.029434349
48085031641,0.123361866,0.004095963
48085031642,0.122593063,0.046935884
48085031643,0.122593065,0.029835973
48085031645,0.122593063,0.027444254
48085031646,0.122593062,0.023504909
48085031647,0.122593065,0.065766701
48085031648,0.122593068,0.018878199
48085031649,0.122593069,0.035296868
48085031652,0.122593067,0.105799728
48085031653,0.122593068,0.130255313
48085031654,0.122593067,0.073358116
48085031655,0.122593072,0.142955013
48085031656,0.122593065,0.045929365
48085031658,0.122593065,0.097770825
48085031659,0.122593069,0.211818182
48085031660,0.122593073,0.063155771
48085031661,0.122593073,0.20578071
48085031662,0.122593071,0.230586841
48085031663,0.122593071,0.046944035
48085031664,0.12259307,0.020014645
48085031704,0.233038358,0.009174312
48085031706,0.233038354,0.006835128
48085031708,0.233038345,0.012208483
48085031709,0.233038344,0.029036005
48085031711,0.233038355,0.046466772
48085031712,0.233038352,0.018532246
48085031713,0.233038341,0.01988972
48085031714,0.233038353,0.003965107
48085031715,0.233038348,0.014796547
48085031716,0.233038346,0.014808652
48085031717,0.233038347,0.006987995
48085031718,0.233038352,0.01116218
48085031719,0.233038354,0.032665182
48085031720,0.23303834,0.01907504
48085031802,0.017141967,0.013016314
48085031804,0.038445481,0.027919544
48085031805,0.113475278,0.030037843
48085031806,0.017141967,0.011516315
48085031807,0.017141966,0.079613678
48085031900,0.217294526,0.083296014
48085032003,0.030612244,0.045995671
48085032004,0.030620037,0.111902877
48085032008,0.030612244,0.040773286
48085032009,0.03061523,0.174219537
48085032010,0.031418577,0.023567006
48085032011,0.031418576,0.111568248
48085032012,0.033211678,0.107521697
48085032013,0.033211707,0.006954794
48113000100,0.059477483,0.052279166
48113000201,0.095969289,0.017979144
48113000202,0.060938297,0.141777934
48113000300,0.077858374,0.0129683
48113000401,0.210508121,0.27908514
48113000404,0.203293788,0.073072707
48113000405,0.203293784,0.047113594
48113000406,0.133661378,0.036604988
48113000500,0.139726138,0.051752022
48113000601,0.065653922,0.040579074
48113000603,0.074838859,0.058465991
48113000605,0.074939935,0.011024908
48113000606,0.07493514,0.076136669
48113000701,0.142729705,0.045292786
48113000702,0.114879649,0.040798226
48113000800,0.176310842,0.02643909
48113000900,0.066602625,0.032002943
48113001001,0.144405089,0.005405405
48113001002,0.144405085,0.003664583
48113001101,0.152977906,0.016357688
48113001102,0.126269315,0.008029365
48113001202,0.124034625,0.037716263
48113001203,0.122142119,0.009750297
48113001204,0.122142118,0.029439547
48113001301,0.152892071,0.042596349
48113001302,0.218181812,0.002290076
48113001400,0.11445575,0.028320848
48113001502,0.218877549,0.020989505
48113001503,0.162722754,0.067634914
48113001504,0.162722754,0.052327448
48113001600,0.431829524,0.036476585
48113001701,0.282891087,0.021615282
48113001703,0.338944631,0.100138122
48113001704,0.338944631,0.021402053
48113001800,0.146782082,0.023153625
48113001900,0.351372406,0.036314728
48113002000,0.144782748,0.009519492
48113002100,0.225496498,0.028169014
48113002200,0.302648172,0.007588533
48113002400,0.259201747,0.023025264
48113002500,0.312448817,0.016511431
48113002701,0.432362196,0.022584693
48113002702,0.271866872,0.019230769
48113003101,0.010053161,0.028034551
48113003400,0.306168701,0.014554795
48113003700,0.248973916,0.033849478
48113003800,0.295085333,0.012369172
48113003901,0.258346063,0.035596026
48113003902,0.33933696,0.06416957
48113004000,0.272466394,0.066514286
48113004100,0.466666659,0.032240133
48113004201,0.115782666,0.038768751
48113004202,0.088063821,0.025568653
48113004300,0.277675033,0.023439039
48113004400,0.088063827,0.041646252
48113004500,0.073110288,0.03192446
48113004600,0.160213145,0.009130607
48113004700,0.181238034,0.055720339
48113004800,0.171260229,0.035667964
48113004900,0.30754277,0.036749694
48113005000,0.188467875,0.017967146
48113005100,0.098017624,0.01458866
48113005200,0.103926702,0.011982817
48113005300,0.123051225,0.012755102
48113005400,0.157221567,0.034041315
48113005500,0.241662237,0.022741498
48113005600,0.194866648,0.012163336
48113005700,0.25313047,0.029472066
48113005901,0.163539522,0.026098901
48113005902,0.125057789,0.055368563
48113006001,0.102777174,0.023634882
48113006700,0.08009006,0.410986775
48113006800,0.056516647,0.197365407
48113007101,0.032990575,0.399940411
48113007102,0.141269637,0.106391347
48113007201,0.134082868,0.316172217
48113007202,0.134082865,0.022964509
48113007301,0.042629869,0.038325769
48113007302,0.05680132,0.342649784
48113007601,0.021323855,0.187924726
48113007604,0.049553209,0.10912291
48113007605,0.032561052,0.080805217
48113007700,0.037597822,0.349856092
48113007801,0.048192772,0.106634552
48113007804,0.023293529,0.094095941
48113007805,0.023293527,0.302853519
48113007809,0.0651341,0.223951027
48113007810,0.0651341,0.42503412
48113007811,0.065134101,0.007829704
48113007812,0.065134097,0.241706854
48113007815,0.065134097,0.121066667
48113007818,0.065134098,0.387419427
48113007819,0.065134102,0.517388087
48113007820,0.065134099,0.377377377
48113007821,0.065134099,0.157037698
48113007822,0.02662835,0.133283693
48113007823,0.026628349,0.211237553
48113007824,0.0651341,0.219925147
48113007825,0.065134101,0.089644161
48113007826,0.065134099,0.143505021
48113007827,0.065134103,0.123563218
48113007902,0.020670959,0.154919413
48113007903,0.060803893,0.075288779
48113007906,0.060723359,0.145087236
48113007909,0.060803892,0.371855129
48113007910,0.06080389,0.313700384
48113007911,0.060803892,0.094161959
48113007912,0.060803891,0.183528532
48113007913,0.060803895,0.05513468
48113007914,0.06087077,0.123531098
48113008000,0.045240498,0.29375162
48113008100,0.064992826,0.08773862
48113008200,0.081161137,0.196906992
48113008400,0.120785837,0.086835384
48113008500,0.07578482,0.176984127
48113008603,0.163833409,0.085280853
48113008604,0.116803281,0.127250719
48113008701,0.176283326,0.071129707
48113008703,0.207733418,0.044074616
48113008704,0.207733418,0.058696435
48113008705,0.207733408,0.061816332
48113008801,0.209637956,0.050550551
48113008802,0.20963796,0.094111462
48113008900,0.234678984,0.108402101
48113009000,0.05841548,0.02056655
48113009101,0.070979668,0.110703364
48113009103,0.035428184,0.122265122
48113009104,0.035428185,0.03274128
48113009105,0.035428184,0.142506143
48113009201,0.037750702,0.167680278
48113009202,0.075205529,0.076828329
48113009301,0.093554528,0.10014269
48113009303,0.124242832,0.095456211
48113009304,0.124242828,0.14982462
48113009401,0.042604731,0.120231608
48113009402,0.042604733,0.107736287
48113009500,0.001940241,0.043365134
48113009603,0.018689627,0.0625
48113009604,0.030724851,0.058195001
48113009605,0.030430829,0.10032955
48113009607,0.030430827,0.088593577
48113009608,0.009084637,0.093758592
48113009609,0.009084637,0.079098754
48113009610,0.030430828,0.148561614
48113009611,0.030430826,0.077502691
48113009701,0.016653267,0.044125536
48113009702,0.016653268,0.062975027
48113009802,0.047286771,0.057804593
48113009803,0.047290001,0.091492987
48113009804,0.047290002,0.049476135
48113009900,0.182032363,0.341621622
48113010000,0.211914546,0.154185022
48113010101,0.389428185,0.076823479
48113010500,0.360092331,0.031648452
48113010601,0.282898668,0.064963734
48113010602,0.262546404,0.052671181
48113010701,0.200598081,0.179340576
48113010703,0.084396727,0.06672632
48113010704,0.081236987,0.14048
48113010801,0.032212621,0.078320802
48113010803,0.031984508,0.115335734
48113010804,0.031984508,0.384615385
48113010805,0.031984509,0.063500828
48113010902,0.092375364,0
48113010903,0.092375365,0.214816387
48113010904,0.092375364,0.05535841
48113011001,0.022370486,0.154061625
48113011002,0.022370487,0.056549336
48113011101,0.025614754,0.191850594
48113011103,0.037276172,0.042328042
48113011104,0.037276172,0.093906094
48113011105,0.037276233,0.100917431
48113011200,0.049272116,0.020411056
48113011300,0.107531212,0.029695024
48113011401,0.112741827,0.022238425
48113011500,0.458345067,0.098765432
48113011601,0.09343434,0.0527318
48113011602,0.093434344,0.182231549
48113011701,0.077849744,0
48113011702,0.077849919,0
48113011800,0.157495794,0.206005004
48113011900,0.115155528,0.507692308
48113012000,0.052944411,0.08105939
48113012100,0.054054053,0.050554324
48113012204,0.024078625,0.371407242
48113012206,0.035360678,0.018077475
48113012207,0.03570618,0.110453649
48113012208,0.024439136,0.057367829
48113012209,0.024078623,0.429249763
48113012210,0.024078624,0.054704595
48113012211,0.024078624,0.128794266
48113012301,0.038853581,0.026878238
48113012302,0.038914927,0.044740804
48113012400,0.032272196,0.14353387
48113012500,0.045952594,0.042147362
48113012601,0.010173881,0.144338684
48113012603,0.010173881,0.016270961
48113012604,0.010173881,0.196824152
48113012701,0.060656717,0.028931095
48113012702,0.060656714,0.089866864
48113012800,0.040498062,0.070102187
48113012900,0.030499429,0.141440342
48113013004,0.022100245,0.085788484
48113013005,0.01707501,0.225903051
48113013007,0.017032628,0.055732588
48113013008,0.022100246,0.065490383
48113013009,0.022100245,0.070960452
48113013010,0.017032629,0.071229206
48113013011,0.017032629,0.020912315
48113013101,0.015989684,0.029005525
48113013102,0.015989684,0
48113013104,0.015989683,0.040370871
48113013105,0.015989684,0.013309931
48113013200,0.028882913,0.140857022
48113013300,0.026486989,0.083173209
48113013400,0.019482952,0.057741194
48113013500,0.037049512,0.134759358
48113013605,0.015827339,0.02952603
48113013606,0.015827337,0.082104929
48113013607,0.015827339,0.103118908
48113013608,0.022773775,0.04164998
48113013609,0.022773774,0.031753786
48113013610,0.022773774,0.286745316
48113013611,0.076437144,0.166878981
48113013615,0.076437143,0.078042772
48113013616,0.076437143,0.051456767
48113013617,0.015827338,0.043410531
48113013618,0.015827338,0.145394616
48113013619,0.015827338,0.291445143
48113013620,0.076437142,0.07514685
48113013621,0.076437141,0.035075534
48113013622,0.076437145,0.093615715
48113013623,0.076437145,0.059275743
48113013624,0.076437144,0.040257649
48113013625,0.076437145,0.244171393
48113013626,0.076437141,0.09370488
48113013711,0.036041938,0.250202511
48113013712,0.03604194,0.047058824
48113013713,0.045317634,0.240241193
48113013714,0.045317633,0.060588821
48113013715,0.045317634,0.295546559
48113013716,0.064344745,0.018546504
48113013717,0.064344746,0.392388734
48113013718,0.064344747,0.091959179
48113013719,0.06438553,0.177273933
48113013720,0.064344747,0.069829534
48113013721,0.064344746,0.320956682
48113013722,0.064344745,0.095867064
48113013725,0.064344747,0.316965922
48113013726,0.064344747,0.354361371
48113013727,0.064344745,0.052986217
48113013803,0.027471383,0.169379082
48113013804,0.027471384,0.327302297
48113013805,0.154641229,0.123294914
48113013806,0.15464123,0.375856275
48113013901,0.015559382,0.073125194
48113013902,0.015523167,0.371642247
48113014001,0.026688686,0.103989242
48113014002,0.063746035,0.303747769
48113014103,0.019395854,0.060359281
48113014113,0.026164646,0.535228898
48113014114,0.026164644,0.061464933
48113014115,0.026164646,0.423976608
48113014116,0.026164647,0.293380406
48113014119,0.085013623,0.246688149
48113014120,0.085013626,0.105709625
48113014121,0.085013624,0.482271326
48113014123,0.085013626,0.272877984
48113014124,0.189951524,0.48882891
48113014126,0.08940931,0.167850314
48113014127,0.201697967,0.343324251
48113014128,0.201697958,0.235616438
48113014129,0.201697964,0.135470527
48113014130,0.205298017,0.096486336
48113014131,0.20529801,0.25342371
48113014132,0.20529802,0.129400865
48113014133,0.026204089,0.156818182
48113014134,0.085013622,0.197455471
48113014135,0.085013624,0.291079812
48113014136,0.205298009,0.022529644
48113014137,0.205232721,0.378287256
48113014138,0.205298005,0.271417134
48113014203,0.053991216,0.259856631
48113014204,0.053991219,0.337462236
48113014205,0.055833323,0.263948202
48113014206,0.055833326,0.137923014
48113014302,0.037114573,0.102659574
48113014306,0.037114571,0.30835271
48113014307,0.037114572,0.141253508
48113014308,0.037114572,0.30045425
48113014309,0.037114571,0.244872436
48113014311,0.037136026,0.233568451
48113014312,0.037136027,0.418633322
48113014403,0.083302026,0.237015884
48113014405,0.083302028,0.146732429
48113014406,0.083302025,0.373613312
48113014407,0.083302027,0.289449838
48113014408,0.083302028,0.450417827
48113014501,0.046250875,0.373572038
48113014502,0.046250875,0.355196771
48113014601,0.071619709,0.276551243
48113014602,0.071572944,0.265451664
48113014603,0.071619703,0.279569892
48113014701,0.055889342,0.294389118
48113014702,0.055889339,0.330098196
48113014703,0.055889337,0.199556919
48113014901,0.053181878,0.429945222
48113014902,0.085021344,0.258691712
48113015000,0.072697064,0.191044192
48113015100,0.052420059,0.296660959
48113015202,0.036863793,0.310257706
48113015204,0.036863792,0.219316212
48113015205,0.039758719,0.283319816
48113015206,0.039279742,0.099215389
48113015303,0.243282851,0.330199765
48113015304,0.243282863,0.278292388
48113015305,0.053548104,0.918281382
48113015306,0.053548105,0.195479536
48113015401,0.046904552,0.295081967
48113015403,0.046904553,0.319579703
48113015404,0.046904551,0.446930423
48113015500,0.079743826,0.286851828
48113015600,0.071292159,0.284640562
48113015700,0.086561748,0.27892562
48113015800,0.088030179,0.362508165
48113015900,0.061051002,0.247111839
48113016001,0.062912307,0.291091593
48113016002,0.061287922,0.172441365
48113016100,0.207713175,0.290864543
48113016201,0.036494422,0.292156571
48113016202,0.033479373,0.392041522
48113016301,0.044915967,0.19596132
48113016302,0.044848484,0.462211118
48113016401,0.083954519,0.336035452
48113016406,0.046246648,0.259037506
48113016407,0.04624665,0.110373847
48113016408,0.04624317,0.037024457
48113016409,0.046246647,0.318937891
48113016410,0.046249318,0.263617538
48113016411,0.048291808,0.050860135
48113016412,0.048358541,0.201588749
48113016413,0.04835854,0.356176736
48113016502,0.055446858,0.228439306
48113016509,0.046356687,0.256184317
48113016510,0.142405063,0.20815292
48113016511,0.128667932,0.17042004
48113016514,0.071394714,0.351399042
48113016516,0.046105639,0.182008996
48113016517,0.046105638,0.081601232
48113016518,0.142405064,0.26502994
48113016520,0.138958309,0.079478055
48113016521,0.138959798,0.04041133
48113016523,0.070706534,0.117755532
48113016605,0.18463147,0.443331816
48113016606,0.188544158,0.214468085
48113016607,0.188544148,0.177010254
48113016610,0.037629352,0.374894336
48113016611,0.049999999,0.599366587
48113016612,0.049999998,0.10483871
48113016615,0.138698629,0.435117967
48113016616,0.138698633,0.163586585
48113016617,0.037629352,0.348993289
48113016618,0.037629349,0.26015518
48113016619,0.03762935,0.353596288
48113016620,0.037630517,0.141223272
48113016621,0.049999998,0.213154689
48113016622,0.05,0.241657397
48113016623,0.049999999,0.157062147
48113016624,0.138698627,0.117662204
48113016625,0.138698627,0.097486672
48113016626,0.138698631,0.085390947
48113016701,0.216308745,0.130374957
48113016703,0.090527399,0.087664856
48113016704,0.10619777,0.140362889
48113016705,0.105396459,0.040650407
48113016802,0.082749632,0.053152174
48113016803,0.082749637,0.044673092
48113016804,0.082749631,0.02701257
48113016902,0.093769197,0.051251841
48113016903,0.168523061,0.136546185
48113017001,0.14343759,0.075635277
48113017003,0.123634011,0.199454793
48113017004,0.143373728,0.142410714
48113017101,0.077238762,0.129032258
48113017102,0.134051245,0.108845491
48113017201,0.095185812,0.105675416
48113017202,0.088060381,0.059515062
48113017301,0.046909359,0.13313197
48113017303,0.08330453,0.090243902
48113017304,0.083304531,0.318298969
48113017305,0.083304527,0.236741389
48113017306,0.083304526,0.361084681
48113017400,0.058853898,0.202444208
48113017500,0.087135357,0.143664245
48113017602,0.025009769,0.075262655
48113017604,0.073884964,0.068320926
48113017605,0.073884967,0.123167155
48113017606,0.073884971,0.127235565
48113017702,0.047042478,0.16101083
48113017703,0.047042479,0.112083789
48113017704,0.047042477,0.141748228
48113017804,0.040958104,0.16380789
48113017805,0.041983847,0.094739048
48113017806,0.035905271,0.043720606
48113017807,0.035905273,0.032638616
48113017808,0.042075064,0.037251124
48113017811,0.042075067,0.073322933
48113017812,0.042075067,0.045069166
48113017813,0.042075065,0.043190661
48113017814,0.042075066,0.088364167
48113017900,0.030513919,0.042871795
48113018001,0.028255875,0.17938553
48113018105,0.06581481,0.338899804
48113018110,0.028832377,0.445723684
48113018111,0.028832379,0.151253241
48113018118,0.028832377,0.276686139
48113018120,0.065814808,0.499344262
48113018121,0.066353128,0.408469343
48113018122,0.066965183,0.263408011
48113018123,0.06581481,0.569391635
48113018124,0.083787177,0.259028643
48113018126,0.028832377,0.388273616
48113018127,0.028832378,0.396802326
48113018128,0.028832378,0.353137765
48113018129,0.028832379,0.246165084
48113018130,0.028832379,0.311532847
48113018132,0.028832377,0.041775457
48113018133,0.078722424,0.293032787
48113018134,0.078722423,0.217231897
48113018135,0.082216,0.571490656
48113018136,0.082215999,0.159481038
48113018137,0.0305647,0.045900178
48113018138,0.030564698,0.044001173
48113018139,0.083787182,0.161577608
48113018140,0.083787179,0.172297297
48113018141,0.028832378,0.269630785
48113018142,0.028832379,0.080432173
48113018203,0.076775024,0.03066141
48113018204,0.076890258,0.091010609
48113018205,0.076891243,0.297425474
48113018206,0.076891244,0.012467532
48113018300,0.031082395,0.043256379
48113018401,0.025084288,0.112346626
48113018402,0.025084289,0.02516129
48113018403,0.025084288,0.113641592
48113018501,0.044148936,0.241520686
48113018503,0.076923078,0.082988456
48113018505,0.076923077,0.0218436
48113018506,0.076923078,0.055978504
48113018600,0.021138211,0.060965954
48113018700,0.065636291,0.037484382
48113018801,0.056869367,0.056142301
48113018802,0.058357963,0.059821429
48113018900,0.066860094,0.159119497
48113019004,0.013017201,0.130084151
48113019013,0.020982808,0.108711132
48113019014,0.021060962,0.073495178
48113019016,0.11275419,0.1696793
48113019018,0.113676731,0.081846393
48113019019,0.113676729,0.180267966
48113019020,0.073619633,0.083975659
48113019021,0.073619632,0.023002421
48113019023,0.042012043,0.053330116
48113019024,0.04215514,0.067467652
48113019025,0.019753086,0.033281331
48113019026,0.019753086,0.090253547
48113019027,0.006622517,0.094764941
48113019028,0.006622516,0.072611914
48113019029,0.006622517,0.063714415
48113019031,0.006622517,0.074319527
48113019032,0.020982808,0.117241379
48113019033,0.020982808,0.186339523
48113019035,0.113676727,0.061160714
48113019036,0.042082956,0.05473841
48113019037,0.042001597,0.257181943
48113019038,0.042097667,0.504541063
48113019039,0.042097667,0.746794872
48113019040,0.042219029,0
48113019041,0.042219029,0.070791527
48113019042,0.006622516,0.025024374
48113019043,0.006622516,0.085218222
48113019100,0.031296084,0.118147448
48113019204,0.034711509,0
48113019205,0.002374321,0.192612137
48113019206,0.010057347,0.365574784
48113019208,0.047043864,0.13401404
48113019210,0.007342144,0.21015625
48113019211,0.007342144,0.522033898
48113019212,0.047043863,0.249126579
48113019213,0.047043863,0.29076838
48113019301,0.034640832,0.182845188
48113019302,0.073036879,0.076375405
48113019400,0.092455193,0.13248337
48113019501,0.043120157,0.382170259
48113019502,0.068739993,0.379615953
48113019600,0.052111069,0.486194478
48113019700,0.066666739,0.201586561
48113019800,0.066510606,0.104360257
48113019900,0.123124902,0.16097561
48113020000,0.085013623,0.166847531
48113020100,0.094214363,0.466353678
48113020200,0.237967511,0.431357553
48113020300,0.328177692,0.297906602
48113020400,0.335658025,0.439332248
48113020500,0.619919569,0.073800738
48113020600,0.063249002,0.166608453
48113020700,0.064344747,0.58259325
48113980000,0.026204091,0.464012251
48113980100,0.133661087,0.52553916
48121020103,0.158995143,0.411222445
48121020104,0.15899515,0.2858661
48121020105,0.158995144,0.124122807
48121020106,0.158995143,0.457813646
48121020107,0.159496689,0.511322337
48121020108,0.159496689,0.411147011
48121020109,0.159496678,0.738759249
48121020110,0.159496688,0.675603217
48121020111,0.159496687,0.709415584
48121020112,0.15949669,0.616827167
48121020113,0.159496678,0.413465988
48121020114,0.159496692,0.061637739
48121020115,0.159496678,0.063899868
48121020202,0.137165387,0.125070423
48121020203,0.147212093,0.134030729
48121020204,0.147212093,0.436348409
48121020205,0.147212089,0.413776258
48121020303,0.190369316,0.529705719
48121020305,0.177076856,0.394693201
48121020306,0.190369312,0.371798328
48121020307,0.190369305,0.14507772
48121020308,0.190369318,0.811538462
48121020309,0.190369306,0.216745843
48121020310,0.19036931,0.401636151
48121020401,0.088789897,0.374858437
48121020402,0.088747347,0.193646409
48121020403,0.088747346,0.254954955
48121020503,0.034153761,0.316600616
48121020504,0.034153761,0.068526877
48121020505,0.034153761,0.033333333
48121020506,0.034153762,0.064791289
48121020601,0.084609075,0.066989207
48121020602,0.084609078,0.026779422
48121020700,0.181729288,0.017884131
48121020800,0.105781118,0.083702738
48121020900,0.255398718,0.036888532
48121021000,0.093259834,0.104457452
48121021100,0.205321286,0.184901532
48121021201,0.210977033,0.082654978
48121021202,0.210979464,0.057833405
48121021301,0.052566198,0.073999327
48121021303,0.036365807,0.039648683
48121021304,0.036149002,0.030261816
48121021305,0.036212731,0.076707203
48121021403,0.09704708,0.02140411
48121021404,0.097160831,0.129981766
48121021405,0.097160824,0.078081428
48121021406,0.096873542,0.016055544
48121021407,0.096873539,0.029411765
48121021408,0.096873542,0.004557641
48121021409,0.096873543,0.06598513
48121021502,0.031346011,0.010582846
48121021505,0.03086863,0.038630028
48121021512,0.030868628,0.022063299
48121021513,0.030868628,0.080944737
48121021514,0.030868628,0.044331258
48121021515,0.030868629,0.089570305
48121021516,0.030868628,0.215546376
48121021517,0.03086863,0.092331288
48121021518,0.03086863,0.0589701
48121021519,0.030868629,0.064609123
48121021520,0.030868629,0.036154048
48121021521,0.03086863,0.190436242
48121021522,0.03086863,0.042076992
48121021523,0.030868629,0.056141155
48121021524,0.030868629,0.108093427
48121021525,0.030868629,0.06122449
48121021526,0.031697938,0.218581907
48121021527,0.030871977,0.047476859
48121021611,0.116678104,0.210218409
48121021612,0.116678108,0.084119107
48121021613,0.116678106,0.054144385
48121021614,0.116678104,0.088495575
48121021615,0.116678102,0.106866953
48121021616,0.116678099,0.021316033
48121021618,0.116678111,0.075194468
48121021619,0.116678103,0.114935648
48121021620,0.116678108,0.107835052
48121021621,0.116678107,0.0415364
48121021622,0.116678107,0.067030965
48121021623,0.116678104,0.098318241
48121021624,0.116678101,0.047878938
48121021625,0.116678102,0.190677966
48121021626,0.116678101,0.093968531
48121021627,0.116678107,0.05177373
48121021628,0.116678103,0.149806523
48121021629,0.116678109,0.036
48121021630,0.116678105,0.010883483
48121021631,0.116678103,0.058271605
48121021632,0.1166781,0.013113272
48121021633,0.116678105,0.041862899
48121021634,0.116678107,0.105691057
48121021635,0.116678102,0.010971055
48121021636,0.116678104,0.015247304
48121021637,0.116678108,0.032921811
48121021638,0.116678106,0.014246004
48121021715,0.073803575,0.121746934
48121021716,0.073803576,0.036838289
48121021717,0.073803579,0.029465556
48121021718,0.073803573,0.02385743
48121021719,0.073803577,0.025132275
48121021720,0.073803578,0.039078156
48121021721,0.073803576,0.132224168
48121021722,0.073803573,0.074958124
48121021723,0.073803577,0.022870068
48121021724,0.073803573,0.124076809
48121021725,0.073803577,0.071273778
48121021726,0.073803573,0.045539468
48121021727,0.073803573,0.060303239
48121021728,0.073803577,0.027791814
48121021729,0.073803573,0.041469194
48121021730,0.073803577,0.068407503
48121021731,0.073803573,0.049245785
48121021732,0.073803574,0
48121021733,0.073803573,0.024337646
48121021734,0.073803572,0.014912195
48121021735,0.073803575,0.075805322
48121021736,0.073803574,0.064376942
48121021737,0.073803571,0.059327095
48121021738,0.073803574,0.101612115
48121021739,0.073803578,0.040085288
48121021740,0.073803576,0.055395072
48121021741,0.073803574,0.069213637
48121021742,0.073803575,0.091541756
48121021743,0.073803574,0.112972202
48121021744,0.073803575,0.067826087
48121021745,0.073803574,0.148984199
48121021746,0.073803575,0.206265256
48121021747,0.073803573,0.118609994
48121021748,0.073803576,0.107366394
48121021749,0.073803577,0.056784661
48121021750,0.073803572,0.051132884
48121021751,0.073803574,0.108716707
48121021752,0.073803576,0.298218029
48121021753,0.073803573,0.355537052
48121021800,0.03086863,0.086009174
48121021900,0.030868627,0.134611583
48139060101,0.255522509,0.047267025
48139060102,0.25552252,0.009679821
48139060204,0.118618623,0.042532388
48139060206,0.11861862,0.176685621
48139060207,0.11861862,0.100222717
48139060208,0.108033053,0.042253521
48139060209,0.116929703,0.044953071
48139060210,0.108033049,0.117714286
48139060211,0.116929703,0.095035461
48139060212,0.108033054,0.043207127
48139060213,0.108033052,0.007826888
48139060214,0.116929696,0.061786434
48139060300,0.127820442,0.033987915
48139060400,0.365064418,0.082197117
48139060500,0.086035451,0.048488477
48139060600,0.088973555,0.014803625
48139060701,0.086206895,0.032010483
48139060702,0.086206902,0.016302576
48139060703,0.086206896,0.104598446
48139060801,0.059271804,0.088393904
48139060802,0.059271803,0.022462896
48139060803,0.059271805,0.084419817
48139060900,0.207708586,0.025223214
48139061000,0.232343242,0.028627069
48139061100,0.261636058,0.028477334
48139061200,0.342040592,0.075862069
48139061300,0.151042607,0.097385429
48139061400,0.111858897,0.040472674
48139061500,0.140801838,0.050598291
48139061600,0.252865889,0
48139061700,0.208541987,0.128440367
48257050201,0.159027652,0.023163842
48257050203,0.207332643,0.007793473
48257050204,0.207332643,0.146131805
48257050205,0.207332638,0.085792102
48257050206,0.207332641,0.004959883
48257050300,0.08539611,0.036024845
48257050400,0.072253353,0.036713705
48257050500,0.416538084,0.081848185
48257050600,0.196014834,0.101497082
48257050701,0.116827849,0.006017623
48257050703,0.116827848,0.05549569
48257050704,0.116827853,0.036606009
48257050800,0.191830411,0.038084875
48257051000,0.277366868,0.051386623
48257051100,0.202577669,0.080209813
48257051201,0.27709954,0.003035559
48257051202,0.278678025,0.013467536
48257051300,0.193607305,0.032762472
48397040101,0.1319797,0.040599323
48397040102,0.131979692,0.03569111
48397040200,0.01509814,0.015801354
48397040301,0.147826087,0.0080016
48397040302,0.147826084,0.021617852
48397040401,0.251365023,0.0552
48397040402,0.251365023,0.028197539
48397040503,0.156210786,0.02606262
48397040504,0.156210786,0.102397602
48397040505,0.156259633,0.135996475
48397040506,0.156259624,0.097457627
48439100101,0.097027251,0.210526316
48439100201,0.151465262,0.076977652
48439100202,0.17891761,0.136427965
48439100300,0.259845934,0.066071429
48439100400,0.186078565,0.057183499
48439100501,0.21685255,0.128899836
48439100502,0.11971362,0.164983888
48439100601,0.065433841,0.105782793
48439100602,0.063129714,0.108308106
48439100700,0.115516281,0.035310095
48439100800,0.105170391,0.131472202
48439100900,0.228560314,0.121123677
48439101201,0.080138524,0.184960056
48439101202,0.115088088,0.110443276
48439101301,0.079091529,0.166973603
48439101302,0.079011895,0.106020942
48439101401,0.027086383,0.149717514
48439101402,0.0891508,0.206282723
48439101403,0.062513068,0.283122464
48439101500,0.115235887,0.282605663
48439101700,0.697659711,0.304059941
48439102000,0.144297367,0.132329884
48439102100,0.099498028,0.3672
48439102201,0.084811812,0.067179049
48439102202,0.082388509,0.089395267
48439102301,0.10747862,0.118670189
48439102302,0.034231102,0.1352657
48439102401,0.051118664,0.256508423
48439102402,0.029149285,0.242922226
48439102500,0.349014249,0.162546028
48439102601,0.086326687,0.158205841
48439102602,0.102457951,0.252840909
48439102700,0.046019329,0.11189754
48439102800,0.190693909,0.076224457
48439103500,0.144957265,0.170764246
48439103601,0.449518306,0.142011834
48439103602,0.192030361,0.224340176
48439103701,0.156471179,0.174707758
48439103702,0.153609399,0.220226214
48439103800,0.335657564,0.067651888
48439104100,0.163160071,0.097643098
48439104201,0.045409523,0.10647684
48439104202,0.058559406,0.207380233
48439104300,0.122173929,0.059219759
48439104400,0.121817835,0.195235083
48439104502,0.215451831,0.095042454
48439104503,0.238155006,0.1088
48439104504,0.134907927,0.06271777
48439104505,0.134907924,0.118491921
48439104601,0.156265412,0.060053489
48439104602,0.099275201,0.135852911
48439104603,0.091619105,0.056454389
48439104604,0.170605701,0.078827011
48439104605,0.048615801,0.150078575
48439104701,0.074502962,0.114075437
48439104702,0.074502959,0.155060034
48439104802,0.079037619,0.21097852
48439104803,0.09750314,0.181053738
48439104804,0.097503136,0.141357185
48439104900,0.047947693,0.086457074
48439105001,0.06625855,0.291047772
48439105006,0.095328949,0.309137217
48439105007,0.078051566,0.157801418
48439105008,0.078051565,0.224299065
48439105201,0.042957199,0.353453279
48439105203,0.0429572,0.185880399
48439105204,0.0429572,0.177638838
48439105205,0.042957198,0.226561094
48439105403,0.030016442,0.1436401
48439105404,0.019223327,0.188557035
48439105405,0.019735381,0.2800328
48439105406,0.01808089,0.179363549
48439105502,0.030164619,0.240148148
48439105503,0.019386411,0.071831516
48439105505,0.040545663,0.152160804
48439105507,0.040545663,0.303287772
48439105508,0.04054566,0.149141308
48439105510,0.024024024,0.113007499
48439105511,0.024024024,0.2972879
48439105512,0.028222166,0.085214626
48439105513,0.040545661,0.176355207
48439105514,0.040545661,0.190826017
48439105600,0.041329146,0.355759429
48439105701,0.025421823,0.213006397
48439105703,0.043372364,0.208712121
48439105704,0.057755775,0.127123443
48439105800,0.034864019,0.082075819
48439105901,0.059623978,0.108917407
48439105902,0.066886739,0.154929577
48439106001,0.025040048,0.127606129
48439106002,0.062335041,0.09364486
48439106004,0.022322955,0.119486623
48439106101,0.160678685,0.254580257
48439106102,0.155756208,0.343260591
48439106201,0.159115469,0.248133813
48439106202,0.159115803,0.224533857
48439106300,0.366986221,0.217990038
48439106400,0.049011443,0.300204918
48439106502,0.020309811,0.242158093
48439106503,0.047560374,0.169116618
48439106507,0.008045977,0.288602403
48439106509,0.115233478,0.25917768
48439106510,0.121529923,0.191860465
48439106511,0.028738432,0.161939492
48439106512,0.028738432,0.090147514
48439106513,0.028738432,0.051572787
48439106514,0.028738431,0.174528302
48439106515,0.008045977,0.105562856
48439106516,0.008045977,0.12100714
48439106517,0.121529926,0.169347209
48439106518,0.121529917,0.031895365
48439106700,0.044725427,0.103281853
48439110101,0.049844237,0
48439110102,0.049844238,0.037724898
48439110202,0.050554151,0.075163399
48439110203,0.050554153,0.049979683
48439110204,0.050554151,0.118631179
48439110301,0.119012602,0.200854701
48439110302,0.119041977,0.27025393
48439110401,0.099422098,0.175606423
48439110402,0.168670232,0.092608326
48439110500,0.06188734,0.228978457
48439110600,0.081047068,0.116982945
48439110701,0.056487605,0.077432046
48439110703,0.08677938,0.097560976
48439110704,0.099147597,0.167044424
48439110805,0.043617611,0.137973138
48439110806,0.043617611,0.110575139
48439110807,0.062848184,0.05352364
48439110808,0.062850894,0.189590076
48439110809,0.062850892,0.068893922
48439110901,0.03142845,0.240262403
48439110905,0.029988797,0.318181818
48439110906,0.031999963,0.402717727
48439110907,0.029994073,0.377006732
48439111003,0.030349465,0.237407538
48439111005,0.057810287,0.056072051
48439111008,0.06112512,0.30248307
48439111010,0.118180468,0.187919463
48439111011,0.122529645,0.156054472
48439111012,0.122529648,0.54732041
48439111013,0.057810286,0.294237634
48439111015,0.05781029,0.195355881
48439111016,0.057810287,0.196880651
48439111017,0.122529642,0.298971861
48439111018,0.122529643,0.283828383
48439111102,0.049830673,0.292474787
48439111103,0.082324105,0.197368421
48439111104,0.082324106,0.063492063
48439111202,0.077398103,0.091592025
48439111203,0.063242986,0.188168787
48439111204,0.063242986,0.075877332
48439111301,0.111111111,0.276162216
48439111304,0.111111114,0.024563672
48439111306,0.111111114,0.13691979
48439111307,0.110740786,0.234603456
48439111308,0.110740792,0.09793327
48439111309,0.110740783,0.10940499
48439111310,0.111111108,0.071760334
48439111311,0.111111114,0.059548978
48439111312,0.111110826,0.100306066
48439111313,0.111111108,0.11993865
48439111314,0.111111109,0.066110659
48439111402,0.080622121,0.073350923
48439111404,0.080299658,0.138013998
48439111405,0.080183165,0.062468258
48439111406,0.080622125,0.152575588
48439111407,0.080622126,0.134253819
48439111408,0.080622122,0.147968044
48439111409,0.080622125,0.084389008
48439111505,0.019354838,0.160435679
48439111506,0.019354839,0.109277857
48439111513,0.107457898,0.023320158
48439111514,0.107457901,0.127552307
48439111516,0.098179774,0.084483711
48439111521,0.047190518,0.053342817
48439111522,0.047190518,0.024777934
48439111523,0.060896618,0.143786982
48439111524,0.047190517,0.12142952
48439111525,0.048793271,0.143840633
48439111526,0.047190516,0.093906094
48439111529,0.019356695,0.028379773
48439111530,0.059907833,0.177840508
48439111531,0.059907834,0.079243051
48439111532,0.059907835,0.077026724
48439111533,0.059907832,0.127306273
48439111534,0.059907834,0.136549469
48439111536,0.107457898,0.088569719
48439111537,0.107457901,0.182797971
48439111538,0.107457894,0.162051663
48439111539,0.1074579,0.05899977
48439111540,0.107457896,0.152417062
48439111541,0.1074579,0.117763418
48439111542,0.107457901,0.236321688
48439111543,0.107457897,0.246856738
48439111544,0.107457896,0.159149819
48439111545,0.019354839,0.164424514
48439111546,0.029203718,0.077285441
48439111547,0.109330908,0.198564992
48439111548,0.109330908,0.175204918
48439111549,0.10933091,0.081638499
48439111550,0.107476406,0.179528403
48439111551,0.107476404,0.218764623
48439111552,0.046939104,0.289023372
48439111553,0.046939105,0.174984967
48439113001,0.1339212,0.297158727
48439113002,0.117821344,0.119960044
48439113102,0.042447628,0.071137217
48439113104,0.042447631,0.187564767
48439113107,0.042447629,0.140136486
48439113108,0.05904078,0.250336927
48439113109,0.04244763,0.142507479
48439113110,0.042447628,0.087567568
48439113111,0.042447631,0.318045364
48439113112,0.042447629,0.112601372
48439113113,0.042447628,0.07626955
48439113114,0.042447629,0.078662124
48439113115,0.042447629,0.052764666
48439113116,0.042447629,0.030751922
48439113206,0.024340807,0.064597427
48439113207,0.061911242,0.080205656
48439113210,0.061932848,0.038239075
48439113212,0.02308737,0.080124729
48439113213,0.023089591,0.059613495
48439113214,0.06170719,0.089560753
48439113215,0.06170719,0.111043132
48439113216,0.061707189,0.44190732
48439113217,0.06170719,0.262044653
48439113218,0.061707187,0.119766506
48439113220,0.061707169,0.438685546
48439113221,0.061707189,0.138178684
48439113301,0.031659608,0.05304857
48439113302,0.043099274,0.190792291
48439113403,0.027494541,0.047827446
48439113404,0.027456281,0.112713557
48439113405,0.032711484,0.043423057
48439113407,0.032329356,0.158148893
48439113408,0.03275875,0.023055556
48439113509,0.023430179,0.049463647
48439113510,0.023430179,0.035752785
48439113511,0.032576597,0.182325063
48439113512,0.032576595,0.022250078
48439113513,0.034560187,0.028993856
48439113514,0.032576598,0.315407262
48439113516,0.023430178,0.231076493
48439113517,0.023430178,0.167560664
48439113518,0.023430177,0.232664996
48439113519,0.023431023,0.090329437
48439113520,0.023430177,0.093540171
48439113607,0.023242369,0.145297876
48439113610,0.05639684,0.169202518
48439113611,0.056289719,0.115563054
48439113612,0.056289721,0.114537445
48439113613,0.056585266,0.159179019
48439113618,0.023242367,0.113278792
48439113619,0.02498858,0.266957063
48439113622,0.056289719,0.087931235
48439113623,0.056289719,0.181514848
48439113624,0.05628972,0.114666667
48439113625,0.056289722,0.16020794
48439113626,0.056289718,0.085303388
48439113627,0.056289722,0.101878453
48439113628,0.05628972,0.033410138
48439113629,0.056289721,0.218428781
48439113630,0.056289722,0.095976375
48439113631,0.056352544,0.222323879
48439113632,0.05628972,0.074526719
48439113633,0.056289722,0.20385906
48439113634,0.056289723,0.099593496
48439113703,0.081539396,0.112511251
48439113705,0.081593927,0.213373403
48439113707,0.08159393,0.240022485
48439113709,0.0800158,0.017399267
48439113710,0.081593927,0.260261615
48439113711,0.081593926,0.006300115
48439113803,0.064646852,0.103462322
48439113808,0.064646855,0.223837209
48439113809,0.064646856,0.280285036
48439113810,0.064646853,0.014760148
48439113811,0.060527342,0.170707571
48439113812,0.06446729,0.038017324
48439113813,0.064467288,0.094644167
48439113814,0.064467292,0.016381766
48439113815,0.064646857,0.246853326
48439113816,0.064646856,0.15986317
48439113906,0.074913881,0.116581777
48439113907,0.07316058,0.032243816
48439113908,0.071929825,0.051249199
48439113909,0.071929825,0.033779477
48439113910,0.072002482,0.02744709
48439113911,0.071929826,0.164681149
48439113912,0.071929824,0.057959184
48439113916,0.071929825,0.103235747
48439113917,0.071929826,0.028677151
48439113918,0.071929824,0.008474576
48439113919,0.071929824,0.023317788
48439113920,0.071929824,0.212389381
48439113921,0.071929823,0.08994709
48439113925,0.071929823,0.391044776
48439113926,0.071924606,0.339597315
48439113927,0.07248105,0.149314739
48439113928,0.071924607,0.140077821
48439113929,0.071924603,0.174950298
48439114003,0.038462375,0.151121358
48439114005,0.055025503,0.093337731
48439114006,0.044920564,0.082925573
48439114007,0.101487335,0.154818325
48439114008,0.101487331,0.111640743
48439114102,0.078797126,0.045219638
48439114103,0.086262919,0.063656148
48439114104,0.086063644,0.123690263
48439114203,0.098399243,0.1960208
48439114204,0.098399245,0.154279434
48439114205,0.098399246,0.302123773
48439114206,0.085457128,0.144791054
48439114207,0.085118274,0.042638241
48439121601,0.045252675,0.101277955
48439121604,0.044822483,0.297838271
48439121605,0.053389033,0.330142303
48439121606,0.057445011,0.306147047
48439121608,0.058179726,0.051858513
48439121609,0.061092539,0.138410228
48439121610,0.058179725,0.093919748
48439121611,0.059095984,0.199447192
48439121702,0.046359356,0.071782997
48439121703,0.139977535,0.143409915
48439121704,0.140695297,0.037396694
48439121903,0.051292597,0.123002713
48439121904,0.051292595,0.068775791
48439121905,0.048506849,0.082104228
48439121906,0.048506847,0.115636364
48439122001,0.029823141,0.107561235
48439122002,0.029823142,0.105168539
48439122100,0.024953668,0.079272255
48439122200,0.128113042,0.07504822
48439122300,0.173872179,0.060573858
48439122400,0.07232074,0.031021493
48439122500,0.022820095,0.079846285
48439122600,0.019354839,0.066234498
48439122700,0.037135922,0.059334111
48439122801,0.049913045,0.092033467
48439122802,0.049913044,0.225062948
48439122900,0.024962179,0.32906221
48439123000,0.037121502,0.123840562
48439123100,0.413128756,0.077313276
48439123200,0.350806825,0.090724269
48439123300,0.336661131,0.098901099
48439123400,0.245358486,0.161806676
48439123500,0.318848099,0.162229458
48439123600,0.312780936,0.111638955
48439980000,0.081314349,0.183202785
