id,name,latitude,longitude,testedNum,gradeLevelNum,literacyRate
57802001,PEGASUS CHARTER H S,32.7847943,-96.8008368,40,18,0.45
57803101,UPLIFT EDUCATIION-NORTH HILLS PREP PRI,32.8948708,-96.9344482,94,92,0.978723404
57803102,UPLIFT EDUCATION - INFINITY PREPARATORY PRI,32.7993011,-96.9598312,71,52,0.732394366
57805101,LINDSLEY PARK COMMUNITY SCHOOL,32.808037,-96.738277,28,20,0.714285714
57806101,ADVANTAGE ACADEMY,32.6475437,-96.8320202,142,86,0.605633803
57807001,LIFE SCHOOL OAK CLIFF,32.691206,-96.8226063,114,55,0.48245614
57807101,LIFE SCHOOL RED OAK,32.500049,-96.822727,146,120,0.821917808
57807102,LIFE SCHOOL LANCASTER,32.5770493,-96.8214417,91,56,0.615384615
57807104,LIFE SCHOOL CEDAR HILL,32.6198425,-96.9467163,99,82,0.828282828
57808101,UNIVERSAL ACADEMY,32.8426628,-96.9581146,82,55,0.670731707
57808102,UNIVERSAL ACADEMY - FLOWER MOUND,32.842663,-96.958115,109,108,0.990825688
57809101,NOVA ACADEMY,32.764335,-96.709934,8,8,1
57810101,ACADEMY OF DALLAS,32.6881181,-96.8386533,19,8,0.421052632
57813101,TRINITY BASIN PREPARATORY,32.7418289,-96.8237381,172,100,0.581395349
57815101,FAITH FAMILY ACADEMY OF OAK CLIFF,32.6222538,-96.8518451,162,72,0.444444444
57816101,AW BROWN-FELLOWSHIP CHARTER SCHOOL,32.6776619,-96.8815918,144,95,0.659722222
57817101,FOCUS LEARNING ACADEMY,32.6911665,-96.8602136,77,40,0.519480519
57819001,JEAN MASSIEU ACADEMY,32.7473717,-97.1061172,20,10,0.5
57825001,PINNACLE ACADEMY,32.7698708,-96.7248077,15,12,0.8
57825006,BRANCH PARK ACADEMY,32.9289148,-96.8730567,6,4,0.666666667
57825012,CREEKVIEW ACADEMY,31.1153488,-97.7324753,18,14,0.777777778
57825013,WILMER ACADEMY,32.5870827,-96.684034,16,6,0.375
57827101,NOVA ACADEMY (SOUTHEAST),32.764335,-96.709934,28,13,0.464285714
57827102,NOVA ACADEMY PRICHARD,32.7621269,-96.6881256,54,33,0.611111111
57829001,A+ ACADEMY,32.6929474,-96.6454163,69,43,0.623188406
57830001,INSPIRED VISION ACADEMY EL,32.7491112,-96.6789398,70,57,0.814285714
57831001,GATEWAY CHARTER ACADEMY -EL,32.6737938,-96.8076172,56,31,0.553571429
57833001,EDUCATION CENTER INTERNATIONAL ACADEMY 1,32.774403,-96.62112,10,6,0.6
57833002,EDUCATION CENTER INTERNATIONAL ACADEMY 2,32.774403,-96.62112,23,15,0.652173913
57835001,GOLDEN RULE CHARTER SCHOOL,32.7195396,-96.863121,58,36,0.620689655
57835101,GOLDEN RULE,32.720351,-96.86342,19,15,0.789473684
57835102,GOLDEN RULE DESOTO,32.71954,-96.863121,13,1,0.076923077
57835103,GOLDEN RULE SOUTHWEST,32.7195396,-96.863121,11,4,0.363636364
57836101,ST ANTHONY ACADEMY,32.762009,-96.7615552,30,26,0.866666667
57838001,UPLIFT EDUCATION-PEAK PREP PRI,32.8015327,-96.7750397,64,45,0.703125
57838007,UPLIFT EDUCATION - LUNA PREPARATORY - PRI,32.7838821,-96.806839,51,44,0.862745098
57838009,UPLIFT EDUCATION - PINNACLE PREP PRI,32.7207573,-96.8367221,68,41,0.602941176
57839101,LA ACADEMIA DE ESTRELLAS,32.744181,-96.8233312,81,53,0.654320988
57841001,RECONCILIATION ACADEMY,32.799486,-96.779532,19,6,0.315789474
57842101,UPLIFT EDUCATION-WILLIAMS PREP PRI,32.8362063,-96.8688268,113,91,0.805309735
57843101,UPLIFT EDUCATION-HAMPTON PREP PRI,32.6394653,-96.8582077,66,41,0.621212121
57844101,MANARA ACADEMY,32.9192123,-97.0055237,73,64,0.876712329
57845001,UME PREPARATORY ACADEMY,32.6560249,-96.9262009,37,32,0.864864865
57846001,LEGACY PREPARATORY,32.7674751,-96.6730576,44,24,0.545454545
57846002,MESQUITE CAMPUS,32.7734642,-96.6209488,46,26,0.565217391
57846003,PLANO CAMPUS,32.9639053,-96.696167,27,22,0.814814815
57847001,VILLAGE TECH SCHOOLS,32.631256,-96.919574,59,49,0.830508475
57848001,INTERNATIONAL LEADERSHIP OF TEXAS (ILT),32.9477325,-96.6654336,128,102,0.796875
57848004,INTERNATIONAL LEADERSHIP OF TEXAS - ARLINGTON EL,32.6960526,-97.1829605,138,97,0.702898551
57903102,CARROLLTON EL,32.9570732,-96.8942108,98,73,0.744897959
57903103,CENTRAL EL,32.9453087,-96.8953171,106,73,0.688679245
57903105,GOOD EL,32.9704857,-96.9086304,89,71,0.797752809
57903106,STARK EL,32.9169121,-96.8806458,71,64,0.901408451
57903109,FARMERS BRANCH EL,32.928328,-96.888505,85,65,0.764705882
57903110,BLANTON EL,32.9834061,-96.8854752,78,49,0.628205128
57903111,THOMPSON EL,32.99506,-96.8805695,95,75,0.789473684
57903112,COUNTRY PLACE EL,32.9667397,-96.8633652,41,41,1
57903113,DAVIS EL,33.0052834,-96.8905869,71,61,0.85915493
57903114,MCCOY EL,32.9814148,-96.8991013,63,59,0.936507937
57903116,FURNEAUX EL,33.0058556,-96.8729248,55,36,0.654545455
57903118,ROSEMEADE EL,33.0070596,-96.9067251,58,50,0.862068966
57903120,LAS COLINAS EL,32.9156952,-96.9782104,95,79,0.831578947
57903121,LANDRY EL,32.9314919,-96.9480286,69,44,0.637681159
57903122,KENT EL,32.9989929,-96.9218063,63,59,0.936507937
57903123,RIVERCHASE ELE,32.9639664,-96.9574203,50,42,0.84
57903124,MCKAMY EL,32.9912567,-96.861618,76,61,0.802631579
57903125,SHEFFIELD EL,33.000627,-96.8638393,116,85,0.732758621
57903126,RAINWATER EL,32.9975548,-96.9058838,59,50,0.847457627
57903128,FREEMAN EL,32.925827,-96.959343,105,86,0.819047619
57903129,MCWHORTER EL,33.0001373,-96.8502197,94,65,0.691489362
57903131,BLAIR EL,32.9377165,-96.8802195,125,70,0.56
57903132,LA VILLITA EL,32.9032669,-96.9370651,73,55,0.753424658
57903135,MCLAUGHLIN STRICKLAND EL,32.9456444,-96.8749847,132,73,0.553030303
57904101,BRAY EL,32.5919569,-96.9570708,35,22,0.628571429
57904102,PLUMMER EL,32.5657283,-96.9425272,100,73,0.73
57904104,HIGH POINTE EL,32.6161142,-96.9523649,107,61,0.570093458
57904105,HIGHLANDS ELEMENTARY,32.5889777,-96.9295386,92,68,0.739130435
57904107,WATERFORD OAKS EL,32.5984861,-96.916776,110,79,0.718181818
57904108,LAKERIDGE EL,32.569619,-97.005331,56,40,0.714285714
57905101,JOHN Q ADAMS EL,32.7351151,-96.6797867,98,67,0.683673469
57905103,GABE P ALLEN CHARTER SCHOOL,32.7815132,-96.9075623,81,42,0.518518519
57905104,WILLIAM M ANDERSON EL,32.7222939,-96.6555939,108,67,0.62037037
57905105,ARCADIA PARK EL,32.7593155,-96.9105301,102,74,0.725490196
57905108,BAYLES EL,32.8008385,-96.7068863,90,46,0.511111111
57905109,W A BLAIR EL,32.7087479,-96.6887207,86,60,0.697674419
57905110,ANNIE WEBB BLANTON EL,32.751904,-96.668694,88,39,0.443181818
57905112,JAMES BOWIE EL,32.752243,-96.8148575,71,40,0.563380282
57905114,JOHN NEELY BRYAN ELEMENTARY SCHOOL,32.711601,-96.795006,93,41,0.440860215
57905115,HARRELL BUDD EL,32.722065,-96.8151474,72,38,0.527777778
57905116,DAVID G BURNET EL,32.8764572,-96.869194,171,112,0.65497076
57905117,RUFUS C BURLESON EL,32.7187233,-96.7131882,97,56,0.577319588
57905118,W W BUSHMAN ELEMENTARY SCHOOL,32.708405,-96.773643,75,25,0.333333333
57905119,WILLIAM L CABELL EL,32.9220657,-96.8650513,73,52,0.712328767
57905120,F P CAILLET EL,32.8887291,-96.8745041,111,87,0.783783784
57905121,JOHN W CARPENTER EL,32.6957436,-96.853035,54,21,0.388888889
57905122,C F CARR EL,32.787872,-96.852737,73,31,0.424657534
57905124,GEORGE W CARVER CREATIVE ARTS LEARNING CENTER,32.7867584,-96.8654099,72,34,0.472222222
57905125,CASA VIEW EL,32.8456841,-96.6753769,96,75,0.78125
57905126,CENTRAL EL,32.6581993,-96.5376358,75,50,0.666666667
57905128,MARTIN LUTHER KING JR LEARNING CENTER,32.7608528,-96.7729721,52,28,0.538461538
57905129,S S CONNER EL,32.8082428,-96.6947479,77,43,0.558441558
57905130,LEILA P COWART EL,32.7280045,-96.8699265,100,51,0.51
57905131,IGNACIO ZARAGOZA EL,32.795155,-96.770851,72,47,0.652777778
57905133,BARBARA JORDAN EL,32.7065468,-96.8416672,80,44,0.55
57905134,GEORGE BANNERMAN DEALEY MONTESSORI VANGUARD,32.8957558,-96.7917862,64,63,0.984375
57905135,EVERETTE LEE DEGOLYER EL,32.903839,-96.860878,59,48,0.813559322
57905136,L O DONALD EL,32.7325096,-96.8864517,59,32,0.542372881
57905137,JULIUS DORSEY EL,32.7130241,-96.6581573,68,53,0.779411765
57905139,PAUL L DUNBAR LEARNING CENTER,32.774826,-96.7492065,72,34,0.472222222
57905140,AMELIA EARHART LEARNING CENTER,32.7850456,-96.8753815,35,25,0.714285714
57905141,JILL STONE EL AT VICKERY MEADOW,32.865509,-96.7494965,55,42,0.763636364
57905142,J N ERVIN EL SCHOOL,32.6803592,-96.7633282,96,45,0.46875
57905144,TOM W FIELD EL,32.8964386,-96.905983,63,33,0.523809524
57905145,STEPHEN C FOSTER EL,32.869976,-96.8544998,109,78,0.71559633
57905147,CHARLES A GILL EL,32.8442078,-96.6607208,141,86,0.609929078
57905148,TOM C GOOCH EL,32.9170189,-96.8451996,35,29,0.828571429
57905149,LENORE KIRK HALL EL,32.7221642,-96.8807678,94,65,0.691489362
57905152,MARGARET B HENDERSON EL,32.7238617,-96.8433075,72,58,0.805555556
57905153,VICTOR H HEXTER EL,32.849232,-96.709579,86,79,0.918604651
57905154,LARRY G SMITH EL,32.8330154,-96.6592865,116,68,0.586206897
57905155,C A TATUM JR EL,32.6641855,-96.6571308,109,62,0.568807339
57905156,NATHANIEL HAWTHORNE EL,32.7421265,-96.6888351,55,30,0.545454545
57905157,JAMES S HOGG ELEMENTARY SCHOOL,32.7568474,-96.8250732,42,21,0.5
57905158,LIDA HOOE EL,32.7407608,-96.8579865,67,48,0.71641791
57905159,L L HOTCHKISS EL,32.8586617,-96.7404938,134,68,0.507462687
57905160,SAM HOUSTON EL,32.8101349,-96.8133469,40,33,0.825
57905161,JOHN IRELAND EL,32.7395477,-96.7014008,81,46,0.567901235
57905162,STONEWALL JACKSON ELEMENTARY SCHOOL,32.8356247,-96.7673416,85,80,0.941176471
57905163,ALBERT SIDNEY JOHNSTON ELEMENTARY SCHOOL,32.737465,-96.792953,78,45,0.576923077
57905164,ANSON JONES EL,32.7429237,-96.884552,110,72,0.654545455
57905166,EDWIN J KIEST EL,32.8259163,-96.6697311,98,72,0.734693878
57905167,KLEBERG EL,32.6843452,-96.6004944,92,63,0.684782609
57905168,OBADIAH KNIGHT ELEMENTARY SCHOOL,32.8368645,-96.8518143,82,64,0.780487805
57905169,ARTHUR KRAMER EL SCHOOL,32.9022179,-96.7832718,75,58,0.773333333
57905170,RICHARD LAGOW EL,32.70245,-96.636398,81,57,0.703703704
57905171,LAKEWOOD EL,32.8256989,-96.7433929,120,113,0.941666667
57905172,JIMMIE TYLER BRASHEAR EL,32.7782424,-96.856669,89,72,0.808988764
57905173,SIDNEY LANIER EXPRESSIVE ARTS VANGUARD,32.7680054,-96.8441849,73,57,0.780821918
57905174,ROBERT E LEE EL,32.8241577,-96.766861,54,41,0.759259259
57905175,UMPHREY LEE ELEMENTARY SCHOOL,32.6528549,-96.8349838,93,30,0.322580645
57905176,JACK LOWE SR EL,32.8730719,-96.7620112,90,40,0.444444444
57905177,WILLIAM LIPSCOMB EL,32.807163,-96.757019,82,51,0.62195122
57905178,H I HOLLAND EL AT LISBON,32.6973763,-96.7957916,38,24,0.631578947
57905180,B H MACON EL,32.7222786,-96.6728668,64,48,0.75
57905181,MAPLE LAWN EL,32.8258858,-96.8298645,84,55,0.654761905
57905182,HERBERT MARCUS EL,32.9046364,-96.8793793,132,89,0.674242424
57905183,THOMAS L MARSALIS EL,32.6781731,-96.8133392,83,51,0.614457831
57905184,BEN MILAM EL,32.8163757,-96.7901306,42,32,0.761904762
57905185,WILLIAM B MILLER ELEMENTARY SCHOOL,32.718961,-96.780283,48,30,0.625
57905186,ROGER Q MILLS EL,32.7328758,-96.8023224,66,37,0.560606061
57905187,NANCY MOSELEY EL,32.6894226,-96.6416779,116,68,0.586206897
57905188,MOUNT AUBURN EL,32.7958298,-96.7440262,113,77,0.681415929
57905189,CLARA OLIVER EL,32.694916,-96.810982,49,20,0.408163265
57905190,GEORGE PEABODY EL,32.7428627,-96.8724594,80,51,0.6375
57905191,ELISHA M PEASE EL,32.697998,-96.772644,87,34,0.390804598
57905192,JOHN F PEELER EL,32.73806,-96.8311768,52,27,0.519230769
57905193,JOHN J PERSHING EL,32.8875961,-96.8098297,67,45,0.671641791
57905194,K B POLK CENTER FOR ACADEMICALLY TALENTED & GIFTED,32.8411484,-96.8316879,54,34,0.62962963
57905195,PRESTON HOLLOW EL,32.8805962,-96.794838,51,33,0.647058824
57905196,J W RAY LEARNING CENTER,32.8015213,-96.7893066,64,38,0.59375
57905197,JOHN H REAGAN ELEMENTARY SCHOOL,32.7468338,-96.8311462,73,43,0.589041096
57905198,MARTHA TURNER REILLY EL,32.855373,-96.688208,80,66,0.825
57905199,REINHARDT ELEMENTARY SCHOOL,32.8366089,-96.6909561,100,74,0.74
57905200,JOSEPH J RHOADS LEARNING CENTER,32.76342,-96.748726,107,52,0.485981308
57905201,CHARLES RICE LEARNING CENTER,32.7564888,-96.7621231,69,43,0.623188406
57905202,ORAN M ROBERTS EL,32.8063431,-96.7315979,87,45,0.517241379
57905203,DAN D ROGERS EL,32.8520508,-96.7516861,73,54,0.739726027
57905204,ROSEMONT ELEMENTARY SCHOOL,32.7516708,-96.8473511,155,116,0.748387097
57905205,CLINTON P RUSSELL EL,32.708779,-96.823906,112,69,0.616071429
57905206,ALEX SANGER EL,32.8134613,-96.709465,72,49,0.680555556
57905207,SAN JACINTO EL,32.7569618,-96.6859512,71,39,0.549295775
57905208,SEAGOVILLE EL,32.6408272,-96.5401077,99,75,0.757575758
57905209,ASCHER SILBERSTEIN EL,32.7672043,-96.7205353,109,76,0.697247706
57905210,LESLIE A STEMMONS EL,32.7156601,-96.9015198,119,84,0.705882353
57905211,STEVENS PARK EL,32.761906,-96.865257,111,56,0.504504505
57905212,HARRY STONE MONTESSORI ACADEMY (ES),32.693428,-96.7838058,51,43,0.843137255
57905213,T G TERRY ELEMENTARY SCHOOL,32.665554,-96.8301773,55,38,0.690909091
57905215,R L THORNTON ELEMENTARY SCHOOL,32.6740913,-96.7979431,60,45,0.75
57905216,EDWARD TITCHE EL,32.7547607,-96.6585617,138,56,0.405797101
57905218,GEORGE W TRUETT EL,32.816429,-96.683495,149,74,0.496644295
57905219,ADELLE TURNER EL,32.6783714,-96.8423843,66,41,0.621212121
57905220,MARK TWAIN LEADERSHIP VANGUARD,32.6839714,-96.8334274,64,32,0.5
57905222,URBAN PARK EL SCHOOL,32.7739143,-96.701683,101,71,0.702970297
57905224,WALNUT HILL EL,32.8828697,-96.839592,37,32,0.864864865
57905225,DANIEL WEBSTER EL,32.6967926,-96.8615189,108,50,0.462962963
57905226,MARTIN WEISS EL,32.6438293,-96.8304291,79,52,0.658227848
57905228,SUDIE L WILLIAMS ELEMENTARY SCHOOL,32.8549576,-96.8312378,30,25,0.833333333
57905229,WINNETKA EL SCHOOL,32.7343941,-96.8451767,119,98,0.823529412
57905230,HARRY C WITHERS EL,32.903244,-96.845901,76,58,0.763157895
57905232,EDNA ROWE EL,32.7854195,-96.7067337,74,54,0.72972973
57905233,NATHAN ADAMS EL,32.9215971,-96.8294352,72,62,0.861111111
57905234,HENRY B GONZALEZ EL,32.7342354,-96.7063279,124,85,0.685483871
57905235,BIRDIE ALEXANDER EL,32.6559448,-96.847641,50,31,0.62
57905236,NANCY J COCHRAN EL,32.7354851,-96.925209,93,45,0.483870968
57905237,JOHN W RUNYON EL,32.7404404,-96.6410446,93,67,0.720430108
57905239,ARTURO SALAZAR EL,32.7328186,-96.8680267,110,80,0.727272727
57905240,FRANK GUZICK EL,32.784965,-96.69192,91,56,0.615384615
57905244,SEAGOVILLE NORTH EL,32.659138,-96.558472,124,74,0.596774194
57905247,ADELFA BOTELLO CALLEJO EL,32.770419,-96.6865144,101,67,0.663366337
57905250,WHITNEY M YOUNG JR EL,32.6941414,-96.7864075,96,62,0.645833333
57905260,LORENZO DE ZAVALA EL,32.7810173,-96.8389969,51,36,0.705882353
57905263,J P STARKS ELEMENTARY SCHOOL,32.7217674,-96.7740707,32,18,0.5625
57905264,RONALD E MCNAIR EL,32.6561737,-96.8632736,120,64,0.533333333
57905265,ELADIO R MARTINEZ LEARNING CENTER,32.7878078,-96.89434,70,56,0.8
57905266,FREDERICK DOUGLASS EL,32.7156067,-96.6976852,79,38,0.481012658
57905268,JOHN F KENNEDY LEARNING CENTER,32.8093339,-96.7747718,103,43,0.417475728
57905269,ONESIMO HERNANDEZ EL,32.8197708,-96.8364182,55,29,0.527272727
57905271,JULIAN T SALDIVAR ELEMENTARY SCHOOL,32.8649559,-96.8730011,157,104,0.662420382
57905272,MARIA MORENO EL,32.771972,-96.8567462,71,30,0.422535211
57905273,PLEASANT GROVE ELEMENTARY SCHOOL,32.7384644,-96.6556625,86,49,0.569767442
57905274,MARY MCLEOD BETHUNE EL,32.7265511,-96.9097824,129,94,0.728682171
57905275,LOUISE WOLFF KAHN EL,32.7513046,-96.8598404,94,68,0.723404255
57905276,GILBERT CUELLAR SR EL,32.7170792,-96.6431046,123,80,0.650406504
57905277,THOMAS TOLBERT EL,32.7082634,-96.8717728,62,39,0.629032258
57905278,LEONIDES GONZALEZ CIGARROA MD EL,32.8800278,-96.8647766,100,64,0.64
57905279,JERRY R JUNKINS EL,32.973774,-96.8569489,90,71,0.788888889
57905280,ANNE FRANK EL,32.9477577,-96.8179245,171,115,0.67251462
57905281,CESAR CHAVEZ LEARNING CENTER,32.8037224,-96.7805252,102,57,0.558823529
57905283,ESPERANZA MEDRANO EL,32.807976,-96.82658,98,59,0.602040816
57905284,HIGHLAND MEADOWS EL,32.87059,-96.687859,97,65,0.670103093
57905286,LEE A MCSHAN JR EL,32.8881874,-96.7610779,90,30,0.333333333
57905287,CELESTINO MAURICIO SOTO JR EL,32.7359238,-96.8951416,115,70,0.608695652
57905289,FELIX G BOTELLO EL,32.7455368,-96.8169022,86,54,0.627906977
57905301,WILMER-HUTCHINS EL,32.6586568,-96.7295142,125,63,0.504
57905303,THELMA ELIZABETH PAGE RICHARDSON EL,32.750846,-96.695085,70,34,0.485714286
57905304,GEORGE HERBERT WALKER BUSH EL,32.9399856,-96.8486928,103,73,0.708737864
57905305,EBBY HALLIDAY EL,32.6760254,-96.6455329,89,53,0.595505618
57906102,RUBY YOUNG EL,32.600338,-96.8673325,105,83,0.79047619
57906103,NORTHSIDE EL,32.6109428,-96.845726,64,35,0.546875
57906104,AMBER TERRACE EL,32.5769005,-96.8532639,116,71,0.612068966
57906106,THE MEADOWS EL,32.607895,-96.830132,87,50,0.574712644
57906107,COCKRELL HILL EL,32.584184,-96.89124,85,73,0.858823529
57906108,FRANK D MOATES EL,32.5639038,-96.8621597,111,75,0.675675676
57906109,WOODRIDGE EL,32.5849152,-96.8337326,107,61,0.570093458
57907101,CENTRAL EL,32.6509058,-96.9040469,115,66,0.573913043
57907102,FAIRMEADOWS EL,32.6670799,-96.9044189,112,75,0.669642857
57907103,MERRIFIELD ELEMENTARY,32.6450439,-96.9082198,103,55,0.533980583
57907104,WILLIAM LEE HASTINGS EL,32.6510544,-96.9218826,106,60,0.566037736
57907105,S GUS ALEXANDER JR ELEMENTARY,32.6241531,-96.9201202,95,61,0.642105263
57907106,CLINT Q SMITH EL,32.6411552,-96.9321442,93,60,0.64516129
57907107,CHARLES ACTON EL,32.6408119,-96.9469147,90,67,0.744444444
57907111,CJ & ANNE HYMAN EL,32.6533203,-96.9745331,90,71,0.788888889
57907112,JAMES R BILHARTZ JR EL,32.6655655,-96.9290695,127,66,0.519685039
57909101,BEAVER TECHNOLOGY CENTER,32.922493,-96.6780548,103,95,0.922330097
57909102,BULLOCK EL,32.9142876,-96.6908188,80,63,0.7875
57909103,CALDWELL EL,32.875916,-96.647095,80,64,0.8
57909105,CENTERVILLE EL,32.8786918,-96.6238546,55,33,0.6
57909107,COOPER EL,32.934319,-96.645851,107,83,0.775700935
57909108,DAUGHERTY EL,32.8935966,-96.637207,107,73,0.682242991
57909109,FREEMAN EL,32.9171295,-96.6455231,56,31,0.553571429
57909110,HANDLEY EL,32.8677635,-96.6100922,99,62,0.626262626
57909111,KIMBERLIN ACAD FOR EXCEL,32.8988875,-96.62628,68,66,0.970588235
57909112,PARK CREST EL,32.8917732,-96.6613464,71,44,0.61971831
57909113,SOUTHGATE EL,32.86874,-96.644524,60,45,0.75
57909115,WATSON TECHNOLOGY CENTER,32.8865395,-96.623085,107,91,0.85046729
57909116,WEAVER EL,32.928291,-96.620132,53,34,0.641509434
57909117,WILLIAMS EL,32.8969383,-96.6564255,49,30,0.612244898
57909119,BRADFIELD EL,32.9222794,-96.6897736,87,60,0.689655172
57909120,SHOREHAVEN EL,32.9181862,-96.6226044,62,49,0.790322581
57909121,MONTCLAIR EL,32.8539839,-96.638924,76,53,0.697368421
57909122,WALNUT GLEN ACAD FOR EXCEL,32.9147034,-96.6759949,88,84,0.954545455
57909123,GOLDEN MEADOWS EL,32.9237137,-96.6544342,71,52,0.732394366
57909124,HEATHER GLEN EL,32.8576861,-96.6321339,98,63,0.642857143
57909125,HILLSIDE ACAD FOR EXCEL,32.8925323,-96.621376,81,79,0.975308642
57909126,DAVIS EL,32.928026,-96.675994,118,79,0.669491525
57909127,ROACH EL,32.8672829,-96.6552963,77,65,0.844155844
57909128,ETHRIDGE EL,32.9349937,-96.6580429,121,81,0.669421488
57909129,CLASSICAL CENTER AT VIAL EL,32.8498421,-96.6062012,107,92,0.859813084
57909132,CLUB HILL EL,32.878891,-96.611565,78,62,0.794871795
57909133,HICKMAN EL,32.9569244,-96.6770554,92,68,0.739130435
57909134,NORTHLAKE EL,32.92617,-96.607765,86,65,0.755813953
57909136,TOLER EL,32.8383484,-96.5777969,97,71,0.731958763
57909137,ROWLETT EL,32.8921547,-96.5753784,101,83,0.821782178
57909138,SPRING CREEK EL,32.9544678,-96.6505966,96,86,0.895833333
57909139,LUNA EL,32.9775963,-96.6181564,67,51,0.76119403
57909140,BACK EL,32.9256592,-96.572998,78,57,0.730769231
57909141,SHUGART EL,32.8594355,-96.5940969,84,61,0.726190476
57909142,HERFURTH EL,32.8905602,-96.5287628,65,40,0.615384615
57909143,ABBETT EL,32.9691772,-96.638031,108,86,0.796296296
57909144,KEELEY EL,32.9195251,-96.5556078,102,97,0.950980392
57909145,ROBERT B SEWELL EL,32.9571762,-96.581337,80,67,0.8375
57909146,KATHERINE STEPHENS EL,32.8959885,-96.5598831,96,67,0.697916667
57909147,VERNAL LISTER EL,32.94363,-96.613686,75,60,0.8
57909148,NORMA DORSEY EL,32.914967,-96.583504,102,88,0.862745098
57909154,STEADHAM EL,32.919593,-96.531674,99,77,0.777777778
57909155,JOHN W ARMSTRONG EL,32.9665108,-96.5996857,116,105,0.905172414
57909156,NITA PEARSON EL,32.9071467,-96.5255141,101,88,0.871287129
57909157,GLEN COUCH EL,32.8553606,-96.5667886,110,87,0.790909091
57909158,LIBERTY GROVE EL,32.9469815,-96.5253901,94,73,0.776595745
57909159,GEORGE WASHINGTON CARVER EL,32.8711729,-96.598086,99,70,0.707070707
57910101,STEPHEN F AUSTIN EL,32.7505608,-97.0130615,77,56,0.727272727
57910102,JAMES BOWIE EL,32.7371864,-97.0067978,63,47,0.746031746
57910104,DAVID DANIELS EL ACADEMY OF SCIENCE & MATH,32.7330627,-97.0300598,103,57,0.553398058
57910106,FLORENCE HILL EL,32.672896,-97.015212,83,72,0.86746988
57910109,ELLEN OCHOA STEM ACADEMY AT BEN MILIAM EL,32.7173386,-97.0130844,126,73,0.579365079
57910113,DWIGHT D EISENHOWER EL,32.7694168,-97.0222015,94,72,0.765957447
57910118,SAM RAYBURN EL,32.7023582,-96.9894562,106,68,0.641509434
57910119,LORENZO DE ZAVALA ENVIRONMENTAL SCIENCE ACADEMY,32.6890019,-97.0078987,118,80,0.677966102
57910120,SUZANNA DICKINSON EL,32.6548882,-97.0305862,70,50,0.714285714
57910121,GARNER FINE ARTS ACADEMY,32.6582598,-97.0111126,92,83,0.902173913
57910122,BARBARA BUSH EL,32.7029305,-96.996933,92,66,0.717391304
57910123,COLIN POWELL EL,32.6511879,-97.0059662,75,72,0.96
57910124,HECTOR P GARCIA EL,32.756775,-96.968597,82,54,0.658536585
57910125,SALLYE R MOORE EL,32.6933823,-97.0298843,84,50,0.595238095
57910126,ERVIN C WHITT EL,32.692979,-96.992435,75,56,0.746666667
57910127,WILLIAM B TRAVIS EL,32.7517662,-96.9873352,90,46,0.511111111
57910128,JUAN N SEGUIN EL,32.7255478,-96.9997253,79,54,0.683544304
57910129,THURGOOD MARSHALL LEADERSHIP ACADEMY,32.6988812,-96.9892245,77,64,0.831168831
57910130,MIKE MOSELEY EL,32.645048,-97.029192,80,56,0.7
57910131,HOBBS WILLIAMS EL,32.7243385,-96.9869461,119,84,0.705882353
57910132,ROBERT E LEE EL,32.7405167,-96.9989166,115,78,0.67826087
57911101,ARMSTRONG ELEMENTARY,32.8339539,-96.7916107,128,126,0.984375
57911102,BRADFIELD ELEMENTARY,32.8362007,-96.8086853,131,131,1
57911103,HYER EL,32.8596268,-96.8006287,153,149,0.973856209
57911104,UNIVERSITY PARK ELEMENTARY,32.8516273,-96.7913666,143,143,1
57912101,BARTON EL,32.821839,-96.9855914,128,75,0.5859375
57912102,BROWN EL,32.8063698,-96.9798584,134,72,0.537313433
57912103,BRITAIN EL,32.8049317,-96.9399436,95,60,0.631578947
57912105,GOOD EL,32.8219719,-96.9309311,130,84,0.646153846
57912106,HALEY J EL,32.8114281,-96.9589767,134,91,0.679104478
57912107,HALEY T EL,32.8547517,-97.0013615,108,76,0.703703704
57912108,JOHNSTON EL,32.8430977,-96.9842072,117,64,0.547008547
57912109,KEYES EL,32.8301926,-96.9458389,120,61,0.508333333
57912111,LEE EL,32.8530579,-96.9663773,117,89,0.760683761
57912112,LIVELY EL,32.8255959,-96.9623489,145,93,0.64137931
57912113,FARINE EL,32.8470573,-96.9528809,130,80,0.615384615
57912114,SCHULZE EL,32.8008621,-96.9256394,126,87,0.69047619
57912116,BRANDENBURG EL,32.845455,-96.965347,130,89,0.684615385
57912118,ELLIOTT EL,32.7902145,-96.9755859,111,70,0.630630631
57912119,HANES EL,32.84272,-97.0028,143,93,0.65034965
57912120,TOWNLEY EL,32.7975087,-96.9581618,114,97,0.850877193
57912121,DAVIS EL,32.8183136,-96.999794,139,79,0.568345324
57912122,GILBERT F M EL,32.8175951,-96.9268832,118,82,0.694915254
57912123,JACKIE MAE TOWNSELL EL,32.8570061,-96.9869003,151,97,0.642384106
57912124,JOHN W AND MARGIE STIPES EL,32.7984314,-96.9901428,128,102,0.796875
57913101,PLEASANT RUN EL,32.6062737,-96.7634659,47,30,0.638297872
57913102,HOUSTON EL,32.6244659,-96.8043823,103,60,0.582524272
57913103,WEST MAIN EL,32.593224,-96.763107,45,23,0.511111111
57913106,ROSA PARKS/MILLBROOK EL,32.5970268,-96.7976074,76,50,0.657894737
57913107,ROLLING HILLS EL,32.5968132,-96.8136292,53,24,0.452830189
57913109,BELT LINE EL,32.593277,-96.7859421,90,47,0.522222222
57913110,LANCASTER EL,32.5892181,-96.7784958,66,52,0.787878788
57914101,BLACK EL,32.759178,-96.593658,83,57,0.686746988
57914102,FLORENCE EL,32.8303657,-96.63571,71,48,0.676056338
57914103,GALLOWAY EL,32.7701,-96.636066,103,78,0.757281553
57914104,HANBY EL,32.7737135,-96.610911,145,111,0.765517241
57914105,HODGES EL,32.7144547,-96.5990677,111,71,0.63963964
57914106,MCWHORTER EL,32.7459145,-96.6209335,129,75,0.581395349
57914107,MOTLEY EL,32.819009,-96.654197,50,35,0.7
57914108,RANGE EL,32.8002319,-96.6571503,65,47,0.723076923
57914109,RUGEL EL,32.7849121,-96.6383591,66,48,0.727272727
57914110,RUTHERFORD EL,32.7517918,-96.5766645,90,56,0.622222222
57914111,SHANDS EL,32.8347773,-96.6409738,128,97,0.7578125
57914112,TISINGER EL,32.785782,-96.608467,139,84,0.604316547
57914113,TOSCH EL,32.799667,-96.637171,105,73,0.695238095
57914114,SEABOURN EL,32.7598082,-96.6323445,69,44,0.637681159
57914115,LAWRENCE EL,32.8168903,-96.6472395,42,32,0.761904762
57914116,FLOYD EL,32.7280696,-96.6226839,121,87,0.719008264
57914117,PORTER EL,32.8278275,-96.6043243,60,53,0.883333333
57914118,MCKENZIE EL,32.809207,-96.644702,84,60,0.714285714
57914119,BEASLEY EL,32.818008,-96.609772,62,52,0.838709677
57914120,PRICE EL,32.8477707,-96.6240997,68,42,0.617647059
57914121,SHAW EL,32.7728183,-96.5800528,108,67,0.62037037
57914122,KIMBALL EL,32.8173752,-96.6212616,34,26,0.764705882
57914123,PIRRUNG EL,32.7501869,-96.5527878,78,56,0.717948718
57914124,CANNADAY EL,32.8030119,-96.6173805,55,42,0.763636364
57914125,AUSTIN EL,32.8055218,-96.6056679,66,53,0.803030303
57914126,MOSS EL,32.7558949,-96.6113408,75,61,0.813333333
57914127,THOMPSON EL,32.7378845,-96.5450363,87,56,0.643678161
57914128,GRAY EL,32.721112,-96.6049732,128,87,0.6796875
57914129,SMITH EL,32.74506,-96.5693436,75,47,0.626666667
57914130,GENTRY EL,32.7384404,-96.5730549,114,92,0.807017544
57914131,MACKEY EL,32.7116887,-96.5880485,130,99,0.761538462
57914132,ACHZIGER EL,32.7299004,-96.5652313,121,93,0.768595041
57916101,ARAPAHO CLASSICAL MAGNET,32.9615173,-96.7637253,69,62,0.898550725
57916102,CANYON CREEK EL,32.9688301,-96.7967834,43,43,1
57916103,DOVER EL,32.9443779,-96.7600632,71,43,0.605633803
57916104,GREENWOOD HILLS EL,32.9681892,-96.75103,53,43,0.811320755
57916105,HAMILTON PARK PACESETTER MAGNET,32.917351,-96.7593,97,65,0.670103093
57916106,O HENRY EL,32.9263802,-96.6938171,66,38,0.575757576
57916107,LAKE HIGHLANDS EL,32.876297,-96.709503,81,67,0.827160494
57916108,MOHAWK EL,32.971489,-96.762001,53,50,0.943396226
57916109,NORTHRICH EL,32.9678688,-96.7360382,56,39,0.696428571
57916110,NORTHWOOD HILLS EL,32.947308,-96.777573,37,36,0.972972973
57916111,RICHARDSON HEIGHTS EL,32.951946,-96.745414,60,40,0.666666667
57916112,RICHARDSON TERRACE EL,32.952036,-96.722272,54,41,0.759259259
57916113,SPRING VALLEY EL,32.933525,-96.775742,37,27,0.72972973
57916114,STULTS ROAD EL,32.904783,-96.7541476,83,49,0.590361446
57916115,MARK TWAIN EL,32.948651,-96.704355,55,35,0.636363636
57916116,WALLACE EL,32.8834601,-96.7071795,99,76,0.767676768
57916117,WHITE ROCK EL,32.8740845,-96.7241592,78,73,0.935897436
57916118,SPRING CREEK EL,32.956608,-96.776817,43,42,0.976744186
57916120,FORESTRIDGE EL,32.9217513,-96.7072935,85,55,0.647058824
57916121,NORTHLAKE EL,32.8852882,-96.7204666,80,43,0.5375
57916122,BOWIE EL,32.9704247,-96.7759567,72,66,0.916666667
57916123,PRAIRIE CREEK EL,32.9782219,-96.7211685,42,42,1
57916124,SPRINGRIDGE EL,32.9394073,-96.6901627,62,48,0.774193548
57916125,PRESTONWOOD EL,32.9604759,-96.7952499,64,51,0.796875
57916126,SKYVIEW EL,32.9026947,-96.7339096,79,49,0.620253165
57916127,DARTMOUTH EL,32.9539871,-96.6897812,41,34,0.829268293
57916128,BRENTFIELD EL,32.9755402,-96.7904053,87,84,0.965517241
57916129,JESS HARBEN EL,32.9396133,-96.705719,25,23,0.92
57916130,RICHLAND EL,32.9323845,-96.7268906,85,63,0.741176471
57916131,YALE EL,32.9669266,-96.6898804,63,53,0.841269841
57916132,MOSS HAVEN EL,32.8954391,-96.7431412,63,57,0.904761905
57916133,BIG SPRINGS EL,32.9737434,-96.6768341,52,39,0.75
57916134,MERRIMAN PARK EL,32.8792992,-96.7404022,60,51,0.85
57916135,AIKIN EL,32.915169,-96.722435,95,65,0.684210526
57916137,RISD ACAD,32.9348221,-96.7670135,147,96,0.653061224
57916142,MATH/SCIENCE/TECH MAGNET,32.9443016,-96.7267609,78,68,0.871794872
57916143,FOREST LANE ACADEMY,32.911442,-96.723484,92,55,0.597826087
57916144,AUDELIA CREEK EL,32.9185595,-96.717573,72,43,0.597222222
57916145,CAROLYN G BUKHAIR EL,32.9375534,-96.7595673,125,64,0.512
57916146,THURGOOD MARSHALL EL,32.902023,-96.7261568,89,47,0.528089888
57919101,SUNNYVALE EL,32.7944832,-96.5567551,89,79,0.887640449
57922101,PINKERTON EL,32.9492226,-96.9975739,73,70,0.95890411
57922103,AUSTIN EL,32.9660416,-96.9784317,96,91,0.947916667
57922105,MOCKINGBIRD EL,32.9635515,-96.9701781,106,100,0.943396226
57922106,WILSON EL,32.9660426,-97.0065475,96,77,0.802083333
57922107,LAKESIDE EL,32.9721794,-96.9584961,91,87,0.956043956
57922108,TOWN CENTER EL,32.9746323,-96.9901428,85,79,0.929411765
57922109,COTTONWOOD CREEK EL,32.9773193,-97.0070001,97,87,0.896907216
57922110,VALLEY RANCH EL,32.9375458,-96.9561768,112,108,0.964285714
57922111,DENTON CREEK EL,32.9829982,-96.9881161,92,84,0.913043478
